--
-- Table structure for table `loc_city_options`
--

CREATE TABLE IF NOT EXISTS `loc_city_options` (
  `city_id` int(11) NOT NULL,
  `country_id` int(11) DEFAULT NULL,
  `city_name` varchar(255) DEFAULT NULL,
  `status` tinyint(4) DEFAULT '1' COMMENT '0:inactive,1:active'
) ENGINE=InnoDB DEFAULT CHARSET=latin1;

-- --------------------------------------------------------

--
-- Table structure for table `loc_country_options`
--

CREATE TABLE IF NOT EXISTS `loc_country_options` (
  `country_id` int(11) NOT NULL,
  `region_id` int(11) DEFAULT NULL,
  `country_name` varchar(255) DEFAULT NULL,
  `country_code` varchar(255) DEFAULT NULL,
  `country_code_iso3` varchar(255) DEFAULT NULL,
  `dialing_code` varchar(255) DEFAULT NULL,
  `country_image` varchar(255) DEFAULT NULL,
  `status` tinyint(4) DEFAULT '1' COMMENT '0:inactive,1:active'
) ENGINE=InnoDB AUTO_INCREMENT=249 DEFAULT CHARSET=latin1;

--
-- Dumping data for table `loc_country_options`
--

INSERT INTO `loc_country_options` (`country_id`, `region_id`, `country_name`, `country_code`, `country_code_iso3`, `dialing_code`, `country_image`, `status`) VALUES
(1, 4, 'Andorra', 'AD', NULL, '376', 'ad.png', 1),
(2, 3, 'United Arab Emirates', 'AE', NULL, '971', 'ae.png', 1),
(3, 3, 'Afghanistan', 'AF', NULL, '93', 'af.png', 1),
(4, 5, 'Antigua and Barbuda', 'AG', NULL, '1-268', 'ag.png', 1),
(5, 5, 'Anguilla', 'AI', NULL, '1-264', 'ai.png', 1),
(6, 4, 'Albania', 'AL', NULL, '355', 'al.png', 1),
(7, 3, 'Armenia', 'AM', NULL, '374', 'am.png', 1),
(8, 5, 'Netherlands Antilles', 'AN', NULL, '599', 'an.png', 1),
(9, 1, 'Angola', 'AO', NULL, '244', 'ao.png', 1),
(10, 2, 'Antarctica', 'AQ', NULL, '672', 'aq.png', 1),
(11, 7, 'Argentina', 'AR', NULL, '54', 'ar.png', 1),
(12, 6, 'American Samoa', 'AS', NULL, '684', 'as.png', 1),
(13, 4, 'Austria', 'AT', NULL, '43', 'at.png', 1),
(14, 6, 'Australia', 'AU', NULL, '61', 'au.png', 1),
(15, 5, 'Aruba', 'AW', NULL, '297', 'aw.png', 1),
(16, 4, 'Åland', 'AX', NULL, '358', 'ax.png', 1),
(17, 3, 'Azerbaijan', 'AZ', NULL, '994', 'az.png', 1),
(18, 4, 'Bosnia and Herzegovina', 'BA', NULL, '387', 'ba.png', 1),
(19, 5, 'Barbados', 'BB', NULL, '1-246', 'bb.png', 1),
(20, 3, 'Bangladesh', 'BD', NULL, '880', 'bd.png', 1),
(21, 4, 'Belgium', 'BE', NULL, '32', 'be.png', 1),
(22, 1, 'Burkina Faso', 'BF', NULL, '226', 'bf.png', 1),
(23, 4, 'Bulgaria', 'BG', NULL, '359', 'bg.png', 1),
(24, 3, 'Bahrain', 'BH', NULL, '973', 'bh.png', 1),
(25, 1, 'Burundi', 'BI', NULL, '257', 'bi.png', 1),
(26, 1, 'Benin', 'BJ', NULL, '229', 'bj.png', 1),
(27, 5, 'Saint Barthélemy', 'BL', NULL, '590', 'bl.png', 1),
(28, 5, 'Bermuda', 'BM', NULL, '1-441', 'bm.png', 1),
(29, 3, 'Brunei Darussalam', 'BN', NULL, '673', 'bn.png', 1),
(30, 7, 'Bolivia', 'BO', NULL, '591', 'bo.png', 1),
(31, 7, 'Brazil', 'BR', NULL, '55', 'br.png', 1),
(32, 5, 'Bahamas', 'BS', NULL, '1-242', 'bs.png', 1),
(33, 3, 'Bhutan', 'BT', NULL, '975', 'bt.png', 1),
(34, 2, 'Bouvet Island', 'BV', NULL, '', 'bv.png', 1),
(35, 1, 'Botswana', 'BW', NULL, '267', 'bw.png', 1),
(36, 4, 'Belarus', 'BY', NULL, '375', 'by.png', 1),
(37, 5, 'Belize', 'BZ', NULL, '501', 'bz.png', 1),
(38, 5, 'Canada', 'CA', NULL, '1', 'ca.png', 1),
(39, 3, 'Cocos (Keeling) Islands', 'CC', NULL, '61', 'cc.png', 1),
(40, 1, 'Congo (Kinshasa)', 'CD', NULL, '243', 'cd.png', 1),
(41, 1, 'Central African Republic', 'CF', NULL, '236', 'cf.png', 1),
(42, 1, 'Congo (Brazzaville)', 'CG', NULL, '242', 'cg.png', 1),
(43, 4, 'Switzerland', 'CH', NULL, '41', 'ch.png', 1),
(44, 1, 'Côte d''Ivoire', 'CI', NULL, '225', 'ci.png', 1),
(45, 6, 'Cook Islands', 'CK', NULL, '682', 'ck.png', 1),
(46, 7, 'Chile', 'CL', NULL, '56', 'cl.png', 1),
(47, 1, 'Cameroon', 'CM', NULL, '237', 'cm.png', 1),
(48, 3, 'China', 'CN', NULL, '86', 'cn.png', 1),
(49, 7, 'Colombia', 'CO', NULL, '57', 'co.png', 1),
(50, 5, 'Costa Rica', 'CR', NULL, '506', 'cr.png', 1),
(51, 5, 'Cuba', 'CU', NULL, '53', 'cu.png', 1),
(52, 1, 'Cape Verde', 'CV', NULL, '238', 'cv.png', 1),
(53, 3, 'Christmas Island', 'CX', NULL, '61', 'cx.png', 1),
(54, 3, 'Cyprus', 'CY', NULL, '357', 'cy.png', 1),
(55, 4, 'Czech Republic', 'CZ', NULL, '420', 'cz.png', 1),
(56, 4, 'Germany', 'DE', NULL, '49', 'de.png', 1),
(57, 1, 'Djibouti', 'DJ', NULL, '253', 'dj.png', 1),
(58, 4, 'Denmark', 'DK', NULL, '45', 'dk.png', 1),
(59, 5, 'Dominica', 'DM', NULL, '1-767', 'dm.png', 1),
(60, 5, 'Dominican Republic', 'DO', NULL, '809', 'do.png', 1),
(61, 1, 'Algeria', 'DZ', NULL, '213', 'dz.png', 1),
(62, 7, 'Ecuador', 'EC', NULL, '593', 'ec.png', 1),
(63, 4, 'Estonia', 'EE', NULL, '372', 'ee.png', 1),
(64, 1, 'Egypt', 'EG', NULL, '20', 'eg.png', 1),
(65, 1, 'Western Sahara', 'EH', NULL, '212', 'eh.png', 1),
(66, 1, 'Eritrea', 'ER', NULL, '291', 'er.png', 1),
(67, 4, 'Spain', 'ES', NULL, '34', 'es.png', 1),
(68, 1, 'Ethiopia', 'ET', NULL, '251', 'et.png', 1),
(69, 4, 'Finland', 'FI', NULL, '358', 'fi.png', 1),
(70, 6, 'Fiji', 'FJ', NULL, '679', 'fj.png', 1),
(71, 7, 'Falkland Islands', 'FK', NULL, '500', 'fk.png', 1),
(72, 6, 'Micronesia', 'FM', NULL, '691', 'fm.png', 1),
(73, 4, 'Faroe Islands', 'FO', NULL, '298', 'fo.png', 1),
(74, 4, 'France', 'FR', NULL, '33', 'fr.png', 1),
(75, 1, 'Gabon', 'GA', NULL, '241', 'ga.png', 1),
(76, 4, 'United Kingdom', 'GB', NULL, '44', 'gb.png', 1),
(77, 5, 'Grenada', 'GD', NULL, '1-473', 'gd.png', 1),
(78, 3, 'Georgia', 'GE', NULL, '995', 'ge.png', 1),
(79, 7, 'French Guiana', 'GF', NULL, '594', 'gf.png', 1),
(80, 4, 'Guernsey', 'GG', NULL, '44', 'gg.png', 1),
(81, 1, 'Ghana', 'GH', NULL, '233', 'gh.png', 1),
(82, 4, 'Gibraltar', 'GI', NULL, '350', 'gi.png', 1),
(83, 5, 'Greenland', 'GL', NULL, '299', 'gl.png', 1),
(84, 1, 'Gambia', 'GM', NULL, '220', 'gm.png', 1),
(85, 1, 'Guinea', 'GN', NULL, '224', 'gn.png', 1),
(86, 5, 'Guadeloupe', 'GP', NULL, '590', 'gp.png', 1),
(87, 1, 'Equatorial Guinea', 'GQ', NULL, '240', 'gq.png', 1),
(88, 4, 'Greece', 'GR', NULL, '30', 'gr.png', 1),
(89, 2, 'South Georgia and South Sandwich Islands', 'GS', NULL, '500', 'gs.png', 1),
(90, 5, 'Guatemala', 'GT', NULL, '502', 'gt.png', 1),
(91, 6, 'Guam', 'GU', NULL, '1-671', 'gu.png', 1),
(92, 1, 'Guinea-Bissau', 'GW', NULL, '224', 'gw.png', 1),
(93, 7, 'Guyana', 'GY', NULL, '592', 'gy.png', 1),
(94, 3, 'Hong Kong', 'HK', NULL, '852', 'hk.png', 1),
(95, 2, 'Heard and McDonald Islands', 'HM', NULL, '91', 'hm.png', 1),
(96, 5, 'Honduras', 'HN', NULL, '504', 'hn.png', 1),
(97, 4, 'Croatia', 'HR', NULL, '385', 'hr.png', 1),
(98, 5, 'Haiti', 'HT', NULL, '509', 'ht.png', 1),
(99, 4, 'Hungary', 'HU', NULL, '36', 'hu.png', 1),
(100, 3, 'Indonesia', 'ID', NULL, '62', 'id.png', 1),
(101, 4, 'Ireland', 'IE', NULL, '353', 'ie.png', 1),
(102, 3, 'Israel', 'IL', NULL, '972', 'il.png', 1),
(103, 4, 'Isle of Man', 'IM', NULL, '44', 'im.png', 1),
(104, 3, 'India', 'IN', NULL, '91', 'in.png', 1),
(105, 3, 'British Indian Ocean Territory', 'IO', NULL, '246', 'io.png', 1),
(106, 3, 'Iraq', 'IQ', NULL, '964', 'iq.png', 1),
(107, 3, 'Iran', 'IR', NULL, '98', 'ir.png', 1),
(108, 4, 'Iceland', 'IS', NULL, '354', 'is.png', 1),
(109, 4, 'Italy', 'IT', NULL, '39', 'it.png', 1),
(110, 4, 'Jersey', 'JE', NULL, '44', 'je.png', 1),
(111, 5, 'Jamaica', 'JM', NULL, '1-876', 'jm.png', 1),
(112, 3, 'Jordan', 'JO', NULL, '962', 'jo.png', 1),
(113, 3, 'Japan', 'JP', NULL, '81', 'jp.png', 1),
(114, 1, 'Kenya', 'KE', NULL, '254', 'ke.png', 1),
(115, 3, 'Kyrgyzstan', 'KG', NULL, '996', 'kg.png', 1),
(116, 3, 'Cambodia', 'KH', NULL, '855', 'kh.png', 1),
(117, 6, 'Kiribati', 'KI', NULL, '686', 'ki.png', 1),
(118, 1, 'Comoros', 'KM', NULL, '269', 'km.png', 1),
(119, 5, 'Saint Kitts and Nevis', 'KN', NULL, '1-869', 'kn.png', 1),
(120, 3, 'Korea, North', 'KP', NULL, '850', 'kp.png', 1),
(121, 3, 'Korea, South', 'KR', NULL, '82', 'kr.png', 1),
(122, 3, 'Kuwait', 'KW', NULL, '965', 'kw.png', 1),
(123, 5, 'Cayman Islands', 'KY', NULL, '1-345', 'ky.png', 1),
(124, 3, 'Kazakhstan', 'KZ', NULL, '7', 'kz.png', 1),
(125, 3, 'Laos', 'LA', NULL, '856', 'la.png', 1),
(126, 3, 'Lebanon', 'LB', NULL, '961', 'lb.png', 1),
(127, 5, 'Saint Lucia', 'LC', NULL, '1-758', 'lc.png', 1),
(128, 4, 'Liechtenstein', 'LI', NULL, '423', 'li.png', 1),
(129, 3, 'Sri Lanka', 'LK', NULL, '94', 'lk.png', 1),
(130, 1, 'Liberia', 'LR', NULL, '231', 'lr.png', 1),
(131, 1, 'Lesotho', 'LS', NULL, '266', 'ls.png', 1),
(132, 4, 'Lithuania', 'LT', NULL, '370', 'lt.png', 1),
(133, 4, 'Luxembourg', 'LU', NULL, '352', 'lu.png', 1),
(134, 4, 'Latvia', 'LV', NULL, '371', 'lv.png', 1),
(135, 1, 'Libya', 'LY', NULL, '218', 'ly.png', 1),
(136, 1, 'Morocco', 'MA', NULL, '212', 'ma.png', 1),
(137, 4, 'Monaco', 'MC', NULL, '377', 'mc.png', 1),
(138, 4, 'Moldova', 'MD', NULL, '373', 'md.png', 1),
(139, 4, 'Montenegro', 'ME', NULL, '382', 'me.png', 1),
(140, 5, 'Saint Martin (French part)', 'MF', NULL, '590', 'mf.png', 1),
(141, 1, 'Madagascar', 'MG', NULL, '261', 'mg.png', 1),
(142, 6, 'Marshall Islands', 'MH', NULL, '692', 'mh.png', 1),
(143, 4, 'Macedonia', 'MK', NULL, '389', 'mk.png', 1),
(144, 1, 'Mali', 'ML', NULL, '223', 'ml.png', 1),
(145, 3, 'Myanmar', 'MM', NULL, '95', 'mm.png', 1),
(146, 3, 'Mongolia', 'MN', NULL, '976', 'mn.png', 1),
(147, 3, 'Macau', 'MO', NULL, '853', 'mo.png', 1),
(148, 6, 'Northern Mariana Islands', 'MP', NULL, '670', 'mp.png', 1),
(149, 5, 'Martinique', 'MQ', NULL, '596', 'mq.png', 1),
(150, 1, 'Mauritania', 'MR', NULL, '222', 'mr.png', 1),
(151, 5, 'Montserrat', 'MS', NULL, '1-664', 'ms.png', 1),
(152, 4, 'Malta', 'MT', NULL, '356', 'mt.png', 1),
(153, 1, 'Mauritius', 'MU', NULL, '230', 'mu.png', 1),
(154, 3, 'Maldives', 'MV', NULL, '960', 'mv.png', 1),
(155, 1, 'Malawi', 'MW', NULL, '265', 'mw.png', 1),
(156, 5, 'Mexico', 'MX', NULL, '52', 'mx.png', 1),
(157, 3, 'Malaysia', 'MY', NULL, '60', 'my.png', 1),
(158, 1, 'Mozambique', 'MZ', NULL, '258', 'mz.png', 1),
(159, 1, 'Namibia', 'NA', NULL, '264', 'na.png', 1),
(160, 6, 'New Caledonia', 'NC', NULL, '687', 'nc.png', 1),
(161, 1, 'Niger', 'NE', NULL, '227', 'ne.png', 1),
(162, 6, 'Norfolk Island', 'NF', NULL, '672', 'nf.png', 1),
(163, 1, 'Nigeria', 'NG', NULL, '234', 'ng.png', 1),
(164, 5, 'Nicaragua', 'NI', NULL, '505', 'ni.png', 1),
(165, 4, 'Netherlands', 'NL', NULL, '31', 'nl.png', 1),
(166, 4, 'Norway', 'NO', NULL, '47', 'no.png', 1),
(167, 3, 'Nepal', 'NP', NULL, '977', 'np.png', 1),
(168, 6, 'Nauru', 'NR', NULL, '674', 'nr.png', 1),
(169, 6, 'Niue', 'NU', NULL, '683', 'nu.png', 1),
(170, 6, 'New Zealand', 'NZ', NULL, '64', 'nz.png', 1),
(171, 3, 'Oman', 'OM', NULL, '968', 'om.png', 1),
(172, 5, 'Panama', 'PA', NULL, '507', 'pa.png', 1),
(173, 7, 'Peru', 'PE', NULL, '51', 'pe.png', 1),
(174, 6, 'French Polynesia', 'PF', NULL, '689', 'pf.png', 1),
(175, 6, 'Papua New Guinea', 'PG', NULL, '675', 'pg.png', 1),
(176, 3, 'Philippines', 'PH', NULL, '63', 'ph.png', 1),
(177, 3, 'Pakistan', 'PK', NULL, '92', 'pk.png', 1),
(178, 4, 'Poland', 'PL', NULL, '48', 'pl.png', 1),
(179, 5, 'Saint Pierre and Miquelon', 'PM', NULL, '508', 'pm.png', 1),
(180, 6, 'Pitcairn', 'PN', NULL, '64', 'pn.png', 1),
(181, 5, 'Puerto Rico', 'PR', NULL, '1-787', 'pr.png', 1),
(182, 3, 'Palestine', 'PS', NULL, '970', 'ps.png', 1),
(183, 4, 'Portugal', 'PT', NULL, '351', 'pt.png', 1),
(184, 6, 'Palau', 'PW', NULL, '680', 'pw.png', 1),
(185, 7, 'Paraguay', 'PY', NULL, '595', 'py.png', 1),
(186, 3, 'Qatar', 'QA', NULL, '974', 'qa.png', 1),
(187, 1, 'Reunion', 'RE', NULL, '262', 're.png', 1),
(188, 4, 'Romania', 'RO', NULL, '40', 'ro.png', 1),
(189, 4, 'Serbia', 'RS', NULL, '381', 'rs.png', 1),
(190, 4, 'Russian Federation', 'RU', NULL, '7', 'ru.png', 1),
(191, 1, 'Rwanda', 'RW', NULL, '250', 'rw.png', 1),
(192, 3, 'Saudi Arabia', 'SA', NULL, '966', 'sa.png', 1),
(193, 6, 'Solomon Islands', 'SB', NULL, '677', 'sb.png', 1),
(194, 1, 'Seychelles', 'SC', NULL, '248', 'sc.png', 1),
(195, 1, 'Sudan', 'SD', NULL, '249', 'sd.png', 1),
(196, 4, 'Sweden', 'SE', NULL, '46', 'se.png', 1),
(197, 3, 'Singapore', 'SG', NULL, '65', 'sg.png', 1),
(198, 1, 'Saint Helena', 'SH', NULL, '290', 'sh.png', 1),
(199, 4, 'Slovenia', 'SI', NULL, '386', 'si.png', 1),
(200, 4, 'Svalbard and Jan Mayen Islands', 'SJ', NULL, '47', 'sj.png', 1),
(201, 4, 'Slovakia', 'SK', NULL, '421', 'sk.png', 1),
(202, 1, 'Sierra Leone', 'SL', NULL, '232', 'sl.png', 1),
(203, 4, 'San Marino', 'SM', NULL, '378', 'sm.png', 1),
(204, 1, 'Senegal', 'SN', NULL, '221', 'sn.png', 1),
(205, 1, 'Somalia', 'SO', NULL, '252', 'so.png', 1),
(206, 7, 'Suriname', 'SR', NULL, '597', 'sr.png', 1),
(207, 1, 'Sao Tome and Principe', 'ST', NULL, '239', 'st.png', 1),
(208, 5, 'El Salvador', 'SV', NULL, '503', 'sv.png', 1),
(209, 3, 'Syria', 'SY', NULL, '963', 'sy.png', 1),
(210, 1, 'Swaziland', 'SZ', NULL, '268', 'sz.png', 1),
(211, 5, 'Turks and Caicos Islands', 'TC', NULL, '1-649', 'tc.png', 1),
(212, 1, 'Chad', 'TD', NULL, '235', 'td.png', 1),
(213, 2, 'French Southern Lands', 'TF', NULL, '262', 'tf.png', 1),
(214, 1, 'Togo', 'TG', NULL, '228', 'tg.png', 1),
(215, 3, 'Thailand', 'TH', NULL, '66', 'th.png', 1),
(216, 3, 'Tajikistan', 'TJ', NULL, '992', 'tj.png', 1),
(217, 6, 'Tokelau', 'TK', NULL, '690', 'tk.png', 1),
(218, 3, 'Timor-Leste', 'TL', NULL, '670', 'tl.png', 1),
(219, 3, 'Turkmenistan', 'TM', NULL, '993', 'tm.png', 1),
(220, 1, 'Tunisia', 'TN', NULL, '216', 'tn.png', 1),
(221, 6, 'Tonga', 'TO', NULL, '676', 'to.png', 1),
(222, 3, 'Turkey', 'TR', NULL, '90', 'tr.png', 1),
(223, 5, 'Trinidad and Tobago', 'TT', NULL, '1-868', 'tt.png', 1),
(224, 6, 'Tuvalu', 'TV', NULL, '688', 'tv.png', 1),
(225, 3, 'Taiwan', 'TW', NULL, '886', 'tw.png', 1),
(226, 1, 'Tanzania', 'TZ', NULL, '255', 'tz.png', 1),
(227, 4, 'Ukraine', 'UA', NULL, '380', 'ua.png', 1),
(228, 1, 'Uganda', 'UG', NULL, '256', 'ug.png', 1),
(229, 6, 'United States Minor Outlying Islands', 'UM', NULL, '91', 'um.png', 1),
(230, 5, 'United States', 'US', NULL, '1', 'us.png', 1),
(231, 7, 'Uruguay', 'UY', NULL, '598', 'uy.png', 1),
(232, 3, 'Uzbekistan', 'UZ', NULL, '998', 'uz.png', 1),
(233, 4, 'Vatican City', 'VA', NULL, '39', 'va.png', 1),
(234, 5, 'Saint Vincent and the Grenadines', 'VC', NULL, '1-784', 'vc.png', 1),
(235, 7, 'Venezuela', 'VE', NULL, '58', 've.png', 1),
(236, 5, 'Virgin Islands, British', 'VG', NULL, '1-284', 'vg.png', 1),
(237, 5, 'Virgin Islands, U.S.', 'VI', NULL, '1-340', 'vi.png', 1),
(238, 3, 'Vietnam', 'VN', NULL, '84', 'vn.png', 1),
(239, 6, 'Vanuatu', 'VU', NULL, '678', 'vu.png', 1),
(240, 6, 'Wallis and Futuna Islands', 'WF', NULL, '681', 'wf.png', 1),
(241, 6, 'Samoa', 'WS', NULL, '684', 'ws.png', 1),
(242, 3, 'Yemen', 'YE', NULL, '967', 'ye.png', 1),
(243, 1, 'Mayotte', 'YT', NULL, '269', 'yt.png', 1),
(244, 1, 'South Africa', 'ZA', NULL, '27', 'za.png', 1),
(245, 1, 'Zambia', 'ZM', NULL, '260', 'zm.png', 1),
(246, 1, 'Zimbabwe', 'ZW', NULL, '263', 'zw.png', 1),
(247, 8, 'Global', NULL, NULL, NULL, NULL, 1),
(248, 7, 'Curacao', 'CW', NULL, '599', NULL, 1);

-- --------------------------------------------------------

--
-- Table structure for table `loc_region_options`
--

CREATE TABLE IF NOT EXISTS `loc_region_options` (
  `region_id` int(11) NOT NULL,
  `region_name` varchar(255) DEFAULT NULL,
  `status` tinyint(4) DEFAULT '1' COMMENT '0:inactive,1:active'
) ENGINE=InnoDB AUTO_INCREMENT=9 DEFAULT CHARSET=latin1;

--
-- Dumping data for table `loc_region_options`
--

INSERT INTO `loc_region_options` (`region_id`, `region_name`, `status`) VALUES
(1, 'Africa', 1),
(2, 'Antarctica', 1),
(3, 'Asia', 1),
(4, 'Europe', 1),
(5, 'North America', 1),
(6, 'Oceania', 1),
(7, 'South America', 1),
(8, 'Global', 1);

-- --------------------------------------------------------

--
-- Table structure for table `loc_state_options`
--

CREATE TABLE IF NOT EXISTS `loc_state_options` (
  `state_id` int(11) NOT NULL,
  `country_id` int(11) NOT NULL,
  `name` varchar(128) NOT NULL,
  `code` varchar(32) NOT NULL,
  `status` tinyint(1) NOT NULL DEFAULT '1'
) ENGINE=MyISAM AUTO_INCREMENT=3977 DEFAULT CHARSET=utf8;

--
-- Dumping data for table `loc_state_options`
--

INSERT INTO `loc_state_options` (`state_id`, `country_id`, `name`, `code`, `status`) VALUES
(1, 1, 'Andorra la Vella', 'ALV', 1),
(2, 1, 'Canillo', 'CAN', 1),
(3, 1, 'Encamp', 'ENC', 1),
(4, 1, 'Escaldes-Engordany', 'ESE', 1),
(5, 1, 'La Massana', 'LMA', 1),
(6, 1, 'Ordino', 'ORD', 1),
(7, 1, 'Sant Julia de Loria', 'SJL', 1),
(8, 2, 'Abu Zaby', 'AZ', 1),
(9, 2, '''Ajman', 'AJ', 1),
(10, 2, 'Al Fujayrah', 'FU', 1),
(11, 2, 'Ash Shariqah', 'SH', 1),
(12, 2, 'Dubayy', 'DU', 1),
(13, 2, 'R''as al Khaymah', 'RK', 1),
(14, 2, 'Umm al Qaywayn', 'UQ', 1),
(15, 3, 'Badakhshan', 'BDS', 1),
(16, 3, 'Badghis', 'BDG', 1),
(17, 3, 'Baghlan', 'BGL', 1),
(18, 3, 'Balkh', 'BAL', 1),
(19, 3, 'Bamian', 'BAM', 1),
(20, 3, 'Farah', 'FRA', 1),
(21, 3, 'Faryab', 'FYB', 1),
(22, 3, 'Ghazni', 'GHA', 1),
(23, 3, 'Ghowr', 'GHO', 1),
(24, 3, 'Helmand', 'HEL', 1),
(25, 3, 'Herat', 'HER', 1),
(26, 3, 'Jowzjan', 'JOW', 1),
(27, 3, 'Kabul', 'KAB', 1),
(28, 3, 'Kandahar', 'KAN', 1),
(29, 3, 'Kapisa', 'KAP', 1),
(30, 3, 'Khost', 'KHO', 1),
(31, 3, 'Konar', 'KNR', 1),
(32, 3, 'Kondoz', 'KDZ', 1),
(33, 3, 'Laghman', 'LAG', 1),
(34, 3, 'Lowgar', 'LOW', 1),
(35, 3, 'Nangrahar', 'NAN', 1),
(36, 3, 'Nimruz', 'NIM', 1),
(37, 3, 'Nurestan', 'NUR', 1),
(38, 3, 'Oruzgan', 'ORU', 1),
(39, 3, 'Paktia', 'PIA', 1),
(40, 3, 'Paktika', 'PKA', 1),
(41, 3, 'Parwan', 'PAR', 1),
(42, 3, 'Samangan', 'SAM', 1),
(43, 3, 'Sar-e Pol', 'SAR', 1),
(44, 3, 'Takhar', 'TAK', 1),
(45, 3, 'Wardak', 'WAR', 1),
(46, 3, 'Zabol', 'ZAB', 1),
(47, 4, 'Saint George', 'ASG', 1),
(48, 4, 'Saint John', 'ASJ', 1),
(49, 4, 'Saint Mary', 'ASM', 1),
(50, 4, 'Saint Paul', 'ASL', 1),
(51, 4, 'Saint Peter', 'ASR', 1),
(52, 4, 'Saint Philip', 'ASH', 1),
(53, 4, 'Barbuda', 'BAR', 1),
(54, 4, 'Redonda', 'RED', 1),
(55, 6, 'Berat', 'BR', 1),
(56, 6, 'Bulqize', 'BU', 1),
(57, 6, 'Delvine', 'DL', 1),
(58, 6, 'Devoll', 'DV', 1),
(59, 6, 'Diber', 'DI', 1),
(60, 6, 'Durres', 'DR', 1),
(61, 6, 'Elbasan', 'EL', 1),
(62, 6, 'Kolonje', 'ER', 1),
(63, 6, 'Fier', 'FR', 1),
(64, 6, 'Gjirokaster', 'GJ', 1),
(65, 6, 'Gramsh', 'GR', 1),
(66, 6, 'Has', 'HA', 1),
(67, 6, 'Kavaje', 'KA', 1),
(68, 6, 'Kurbin', 'KB', 1),
(69, 6, 'Kucove', 'KC', 1),
(70, 6, 'Korce', 'KO', 1),
(71, 6, 'Kruje', 'KR', 1),
(72, 6, 'Kukes', 'KU', 1),
(73, 6, 'Librazhd', 'LB', 1),
(74, 6, 'Lezhe', 'LE', 1),
(75, 6, 'Lushnje', 'LU', 1),
(76, 6, 'Malesi e Madhe', 'MM', 1),
(77, 6, 'Mallakaster', 'MK', 1),
(78, 6, 'Mat', 'MT', 1),
(79, 6, 'Mirdite', 'MR', 1),
(80, 6, 'Peqin', 'PQ', 1),
(81, 6, 'Permet', 'PR', 1),
(82, 6, 'Pogradec', 'PG', 1),
(83, 6, 'Puke', 'PU', 1),
(84, 6, 'Shkoder', 'SH', 1),
(85, 6, 'Skrapar', 'SK', 1),
(86, 6, 'Sarande', 'SR', 1),
(87, 6, 'Tepelene', 'TE', 1),
(88, 6, 'Tropoje', 'TP', 1),
(89, 6, 'Tirane', 'TR', 1),
(90, 6, 'Vlore', 'VL', 1),
(91, 7, 'Aragatsotn', 'AGT', 1),
(92, 7, 'Ararat', 'ARR', 1),
(93, 7, 'Armavir', 'ARM', 1),
(94, 7, 'Geghark''unik''', 'GEG', 1),
(95, 7, 'Kotayk''', 'KOT', 1),
(96, 7, 'Lorri', 'LOR', 1),
(97, 7, 'Shirak', 'SHI', 1),
(98, 7, 'Syunik''', 'SYU', 1),
(99, 7, 'Tavush', 'TAV', 1),
(100, 7, 'Vayots'' Dzor', 'VAY', 1),
(101, 7, 'Yerevan', 'YER', 1),
(102, 9, 'Bengo', 'BGO', 1),
(103, 9, 'Benguela', 'BGU', 1),
(104, 9, 'Bie', 'BIE', 1),
(105, 9, 'Cabinda', 'CAB', 1),
(106, 9, 'Cuando-Cubango', 'CCU', 1),
(107, 9, 'Cuanza Norte', 'CNO', 1),
(108, 9, 'Cuanza Sul', 'CUS', 1),
(109, 9, 'Cunene', 'CNN', 1),
(110, 9, 'Huambo', 'HUA', 1),
(111, 9, 'Huila', 'HUI', 1),
(112, 9, 'Luanda', 'LUA', 1),
(113, 9, 'Lunda Norte', 'LNO', 1),
(114, 9, 'Lunda Sul', 'LSU', 1),
(115, 9, 'Malange', 'MAL', 1),
(116, 9, 'Moxico', 'MOX', 1),
(117, 9, 'Namibe', 'NAM', 1),
(118, 9, 'Uige', 'UIG', 1),
(119, 9, 'Zaire', 'ZAI', 1),
(120, 11, 'Antartida e Islas del Atlantico', 'AN', 1),
(121, 11, 'Buenos Aires', 'BA', 1),
(122, 11, 'Catamarca', 'CA', 1),
(123, 11, 'Chaco', 'CH', 1),
(124, 11, 'Chubut', 'CU', 1),
(125, 11, 'Cordoba', 'CO', 1),
(126, 11, 'Corrientes', 'CR', 1),
(127, 11, 'Distrito Federal', 'DF', 1),
(128, 11, 'Entre Rios', 'ER', 1),
(129, 11, 'Formosa', 'FO', 1),
(130, 11, 'Jujuy', 'JU', 1),
(131, 11, 'La Pampa', 'LP', 1),
(132, 11, 'La Rioja', 'LR', 1),
(133, 11, 'Mendoza', 'ME', 1),
(134, 11, 'Misiones', 'MI', 1),
(135, 11, 'Neuquen', 'NE', 1),
(136, 11, 'Rio Negro', 'RN', 1),
(137, 11, 'Salta', 'SA', 1),
(138, 11, 'San Juan', 'SJ', 1),
(139, 11, 'San Luis', 'SL', 1),
(140, 11, 'Santa Cruz', 'SC', 1),
(141, 11, 'Santa Fe', 'SF', 1),
(142, 11, 'Santiago del Estero', 'SD', 1),
(143, 11, 'Tierra del Fuego', 'TF', 1),
(144, 11, 'Tucuman', 'TU', 1),
(145, 12, 'Eastern', 'E', 1),
(146, 12, 'Manu''a', 'M', 1),
(147, 12, 'Rose Island', 'R', 1),
(148, 12, 'Swains Island', 'S', 1),
(149, 12, 'Western', 'W', 1),
(150, 13, 'Burgenland', 'BUR', 1),
(151, 13, 'KÃ¤rnten', 'KAR', 1),
(152, 13, 'Nieder&ouml;sterreich', 'NOS', 1),
(153, 13, 'Ober&ouml;sterreich', 'OOS', 1),
(154, 13, 'Salzburg', 'SAL', 1),
(155, 13, 'Steiermark', 'STE', 1),
(156, 13, 'Tirol', 'TIR', 1),
(157, 13, 'Vorarlberg', 'VOR', 1),
(158, 13, 'Wien', 'WIE', 1),
(159, 14, 'Australian Capital Territory', 'ACT', 1),
(160, 14, 'New South Wales', 'NSW', 1),
(161, 14, 'Northern Territory', 'NT', 1),
(162, 14, 'Queensland', 'QLD', 1),
(163, 14, 'South Australia', 'SA', 1),
(164, 14, 'Tasmania', 'TAS', 1),
(165, 14, 'Victoria', 'VIC', 1),
(166, 14, 'Western Australia', 'WA', 1),
(167, 17, 'Ali Bayramli', 'AB', 1),
(168, 17, 'Abseron', 'ABS', 1),
(169, 17, 'AgcabAdi', 'AGC', 1),
(170, 17, 'Agdam', 'AGM', 1),
(171, 17, 'Agdas', 'AGS', 1),
(172, 17, 'Agstafa', 'AGA', 1),
(173, 17, 'Agsu', 'AGU', 1),
(174, 17, 'Astara', 'AST', 1),
(175, 17, 'Baki', 'BA', 1),
(176, 17, 'BabAk', 'BAB', 1),
(177, 17, 'BalakAn', 'BAL', 1),
(178, 17, 'BArdA', 'BAR', 1),
(179, 17, 'Beylaqan', 'BEY', 1),
(180, 17, 'Bilasuvar', 'BIL', 1),
(181, 17, 'Cabrayil', 'CAB', 1),
(182, 17, 'Calilabab', 'CAL', 1),
(183, 17, 'Culfa', 'CUL', 1),
(184, 17, 'Daskasan', 'DAS', 1),
(185, 17, 'Davaci', 'DAV', 1),
(186, 17, 'Fuzuli', 'FUZ', 1),
(187, 17, 'Ganca', 'GA', 1),
(188, 17, 'Gadabay', 'GAD', 1),
(189, 17, 'Goranboy', 'GOR', 1),
(190, 17, 'Goycay', 'GOY', 1),
(191, 17, 'Haciqabul', 'HAC', 1),
(192, 17, 'Imisli', 'IMI', 1),
(193, 17, 'Ismayilli', 'ISM', 1),
(194, 17, 'Kalbacar', 'KAL', 1),
(195, 17, 'Kurdamir', 'KUR', 1),
(196, 17, 'Lankaran', 'LA', 1),
(197, 17, 'Lacin', 'LAC', 1),
(198, 17, 'Lankaran', 'LAN', 1),
(199, 17, 'Lerik', 'LER', 1),
(200, 17, 'Masalli', 'MAS', 1),
(201, 17, 'Mingacevir', 'MI', 1),
(202, 17, 'Naftalan', 'NA', 1),
(203, 17, 'Neftcala', 'NEF', 1),
(204, 17, 'Oguz', 'OGU', 1),
(205, 17, 'Ordubad', 'ORD', 1),
(206, 17, 'Qabala', 'QAB', 1),
(207, 17, 'Qax', 'QAX', 1),
(208, 17, 'Qazax', 'QAZ', 1),
(209, 17, 'Qobustan', 'QOB', 1),
(210, 17, 'Quba', 'QBA', 1),
(211, 17, 'Qubadli', 'QBI', 1),
(212, 17, 'Qusar', 'QUS', 1),
(213, 17, 'Saki', 'SA', 1),
(214, 17, 'Saatli', 'SAT', 1),
(215, 17, 'Sabirabad', 'SAB', 1),
(216, 17, 'Sadarak', 'SAD', 1),
(217, 17, 'Sahbuz', 'SAH', 1),
(218, 17, 'Saki', 'SAK', 1),
(219, 17, 'Salyan', 'SAL', 1),
(220, 17, 'Sumqayit', 'SM', 1),
(221, 17, 'Samaxi', 'SMI', 1),
(222, 17, 'Samkir', 'SKR', 1),
(223, 17, 'Samux', 'SMX', 1),
(224, 17, 'Sarur', 'SAR', 1),
(225, 17, 'Siyazan', 'SIY', 1),
(226, 17, 'Susa', 'SS', 1),
(227, 17, 'Susa', 'SUS', 1),
(228, 17, 'Tartar', 'TAR', 1),
(229, 17, 'Tovuz', 'TOV', 1),
(230, 17, 'Ucar', 'UCA', 1),
(231, 17, 'Xankandi', 'XA', 1),
(232, 17, 'Xacmaz', 'XAC', 1),
(233, 17, 'Xanlar', 'XAN', 1),
(234, 17, 'Xizi', 'XIZ', 1),
(235, 17, 'Xocali', 'XCI', 1),
(236, 17, 'Xocavand', 'XVD', 1),
(237, 17, 'Yardimli', 'YAR', 1),
(238, 17, 'Yevlax', 'YEV', 1),
(239, 17, 'Zangilan', 'ZAN', 1),
(240, 17, 'Zaqatala', 'ZAQ', 1),
(241, 17, 'Zardab', 'ZAR', 1),
(242, 17, 'Naxcivan', 'NX', 1),
(243, 18, 'Brcko district', 'BRO', 1),
(244, 18, 'Unsko-Sanski Kanton', 'FUS', 1),
(245, 18, 'Posavski Kanton', 'FPO', 1),
(246, 18, 'Tuzlanski Kanton', 'FTU', 1),
(247, 18, 'Zenicko-Dobojski Kanton', 'FZE', 1),
(248, 18, 'Bosanskopodrinjski Kanton', 'FBP', 1),
(249, 18, 'Srednjebosanski Kanton', 'FSB', 1),
(250, 18, 'Hercegovacko-neretvanski Kanton', 'FHN', 1),
(251, 18, 'Zapadnohercegovacka Zupanija', 'FZH', 1),
(252, 18, 'Kanton Sarajevo', 'FSA', 1),
(253, 18, 'Zapadnobosanska', 'FZA', 1),
(254, 18, 'Banja Luka', 'SBL', 1),
(255, 18, 'Doboj', 'SDO', 1),
(256, 18, 'Bijeljina', 'SBI', 1),
(257, 18, 'Vlasenica', 'SVL', 1),
(258, 18, 'Sarajevo-Romanija or Sokolac', 'SSR', 1),
(259, 18, 'Foca', 'SFO', 1),
(260, 18, 'Trebinje', 'STR', 1),
(261, 19, 'Christ Church', 'CC', 1),
(262, 19, 'Saint Andrew', 'AND', 1),
(263, 19, 'Saint George', 'GEO', 1),
(264, 19, 'Saint James', 'JAM', 1),
(265, 19, 'Saint John', 'JOH', 1),
(266, 19, 'Saint Joseph', 'JOS', 1),
(267, 19, 'Saint Lucy', 'LUC', 1),
(268, 19, 'Saint Michael', 'MIC', 1),
(269, 19, 'Saint Peter', 'PET', 1),
(270, 19, 'Saint Philip', 'PHI', 1),
(271, 19, 'Saint Thomas', 'THO', 1),
(272, 20, 'Barisal', 'BAR', 1),
(273, 20, 'Chittagong', 'CHI', 1),
(274, 20, 'Dhaka', 'DHA', 1),
(275, 20, 'Khulna', 'KHU', 1),
(276, 20, 'Rajshahi', 'RAJ', 1),
(277, 20, 'Sylhet', 'SYL', 1),
(278, 21, 'Antwerpen', 'VAN', 1),
(279, 21, 'Brabant Wallon', 'WBR', 1),
(280, 21, 'Hainaut', 'WHT', 1),
(281, 21, 'LiÃ¨ge', 'WLG', 1),
(282, 21, 'Limburg', 'VLI', 1),
(283, 21, 'Luxembourg', 'WLX', 1),
(284, 21, 'Namur', 'WNA', 1),
(285, 21, 'Oost-Vlaanderen', 'VOV', 1),
(286, 21, 'Vlaams Brabant', 'VBR', 1),
(287, 21, 'West-Vlaanderen', 'VWV', 1),
(288, 21, 'Brussels-Capital Region', 'BRU', 1),
(289, 22, 'Bale', 'BAL', 1),
(290, 22, 'Bam', 'BAM', 1),
(291, 22, 'Banwa', 'BAN', 1),
(292, 22, 'Bazega', 'BAZ', 1),
(293, 22, 'Bougouriba', 'BOR', 1),
(294, 22, 'Boulgou', 'BLG', 1),
(295, 22, 'Boulkiemde', 'BOK', 1),
(296, 22, 'Comoe', 'COM', 1),
(297, 22, 'Ganzourgou', 'GAN', 1),
(298, 22, 'Gnagna', 'GNA', 1),
(299, 22, 'Gourma', 'GOU', 1),
(300, 22, 'Houet', 'HOU', 1),
(301, 22, 'Ioba', 'IOA', 1),
(302, 22, 'Kadiogo', 'KAD', 1),
(303, 22, 'Kenedougou', 'KEN', 1),
(304, 22, 'Komondjari', 'KOD', 1),
(305, 22, 'Kompienga', 'KOP', 1),
(306, 22, 'Kossi', 'KOS', 1),
(307, 22, 'Koulpelogo', 'KOL', 1),
(308, 22, 'Kouritenga', 'KOT', 1),
(309, 22, 'Kourweogo', 'KOW', 1),
(310, 22, 'Leraba', 'LER', 1),
(311, 22, 'Loroum', 'LOR', 1),
(312, 22, 'Mouhoun', 'MOU', 1),
(313, 22, 'Nahouri', 'NAH', 1),
(314, 22, 'Namentenga', 'NAM', 1),
(315, 22, 'Nayala', 'NAY', 1),
(316, 22, 'Noumbiel', 'NOU', 1),
(317, 22, 'Oubritenga', 'OUB', 1),
(318, 22, 'Oudalan', 'OUD', 1),
(319, 22, 'Passore', 'PAS', 1),
(320, 22, 'Poni', 'PON', 1),
(321, 22, 'Sanguie', 'SAG', 1),
(322, 22, 'Sanmatenga', 'SAM', 1),
(323, 22, 'Seno', 'SEN', 1),
(324, 22, 'Sissili', 'SIS', 1),
(325, 22, 'Soum', 'SOM', 1),
(326, 22, 'Sourou', 'SOR', 1),
(327, 22, 'Tapoa', 'TAP', 1),
(328, 22, 'Tuy', 'TUY', 1),
(329, 22, 'Yagha', 'YAG', 1),
(330, 22, 'Yatenga', 'YAT', 1),
(331, 22, 'Ziro', 'ZIR', 1),
(332, 22, 'Zondoma', 'ZOD', 1),
(333, 22, 'Zoundweogo', 'ZOW', 1),
(334, 23, 'Blagoevgrad', '', 1),
(335, 23, 'Burgas', '', 1),
(336, 23, 'Dobrich', '', 1),
(337, 23, 'Gabrovo', '', 1),
(338, 23, 'Haskovo', '', 1),
(339, 23, 'Kardjali', '', 1),
(340, 23, 'Kyustendil', '', 1),
(341, 23, 'Lovech', '', 1),
(342, 23, 'Montana', '', 1),
(343, 23, 'Pazardjik', '', 1),
(344, 23, 'Pernik', '', 1),
(345, 23, 'Pleven', '', 1),
(346, 23, 'Plovdiv', '', 1),
(347, 23, 'Razgrad', '', 1),
(348, 23, 'Shumen', '', 1),
(349, 23, 'Silistra', '', 1),
(350, 23, 'Sliven', '', 1),
(351, 23, 'Smolyan', '', 1),
(352, 23, 'Sofia', '', 1),
(353, 23, 'Sofia - town', '', 1),
(354, 23, 'Stara Zagora', '', 1),
(355, 23, 'Targovishte', '', 1),
(356, 23, 'Varna', '', 1),
(357, 23, 'Veliko Tarnovo', '', 1),
(358, 23, 'Vidin', '', 1),
(359, 23, 'Vratza', '', 1),
(360, 23, 'Yambol', '', 1),
(361, 23, 'Ruse', '', 1),
(362, 24, 'Capital', 'CAP', 1),
(363, 24, 'Central', 'CEN', 1),
(364, 24, 'Muharraq', 'MUH', 1),
(365, 24, 'Northern', 'NOR', 1),
(366, 24, 'Southern', 'SOU', 1),
(367, 25, 'Bubanza', 'BB', 1),
(368, 25, 'Bujumbura', 'BJ', 1),
(369, 25, 'Bururi', 'BR', 1),
(370, 25, 'Cankuzo', 'CA', 1),
(371, 25, 'Cibitoke', 'CI', 1),
(372, 25, 'Gitega', 'GI', 1),
(373, 25, 'Karuzi', 'KR', 1),
(374, 25, 'Kayanza', 'KY', 1),
(375, 25, 'Kirundo', 'KI', 1),
(376, 25, 'Makamba', 'MA', 1),
(377, 25, 'Muramvya', 'MU', 1),
(378, 25, 'Muyinga', 'MY', 1),
(379, 25, 'Mwaro', 'MW', 1),
(380, 25, 'Ngozi', 'NG', 1),
(381, 25, 'Rutana', 'RT', 1),
(382, 25, 'Ruyigi', 'RY', 1),
(383, 26, 'Alibori', 'AL', 1),
(384, 26, 'Atakora', 'AK', 1),
(385, 26, 'Atlantique', 'AQ', 1),
(386, 26, 'Borgou', 'BO', 1),
(387, 26, 'Collines', 'CO', 1),
(388, 26, 'Donga', 'DO', 1),
(389, 26, 'Kouffo', 'KO', 1),
(390, 26, 'Littoral', 'LI', 1),
(391, 26, 'Mono', 'MO', 1),
(392, 26, 'Oueme', 'OU', 1),
(393, 26, 'Plateau', 'PL', 1),
(394, 26, 'Zou', 'ZO', 1),
(395, 28, 'Devonshire', 'DS', 1),
(396, 28, 'Hamilton City', 'HC', 1),
(397, 28, 'Hamilton', 'HA', 1),
(398, 28, 'Paget', 'PG', 1),
(399, 28, 'Pembroke', 'PB', 1),
(400, 28, 'Saint George City', 'GC', 1),
(401, 28, 'Saint George''s', 'SG', 1),
(402, 28, 'Sandys', 'SA', 1),
(403, 28, 'Smith''s', 'SM', 1),
(404, 28, 'Southampton', 'SH', 1),
(405, 28, 'Warwick', 'WA', 1),
(406, 29, 'Belait', 'BEL', 1),
(407, 29, 'Brunei and Muara', 'BRM', 1),
(408, 29, 'Temburong', 'TEM', 1),
(409, 29, 'Tutong', 'TUT', 1),
(410, 30, 'Beni', 'BEN', 1),
(411, 30, 'Chuquisaca', 'CHU', 1),
(412, 30, 'Cochabamba', 'COC', 1),
(413, 30, 'La Paz', 'LPZ', 1),
(414, 30, 'Oruro', 'ORU', 1),
(415, 30, 'Pando', 'PAN', 1),
(416, 30, 'Potosi', 'POT', 1),
(417, 30, 'Santa Cruz', 'SCZ', 1),
(418, 30, 'Tarija', 'TAR', 1),
(419, 31, 'Acre', 'AC', 1),
(420, 31, 'Alagoas', 'AL', 1),
(421, 31, 'AmapÃ¡', 'AP', 1),
(422, 31, 'Amazonas', 'AM', 1),
(423, 31, 'Bahia', 'BA', 1),
(424, 31, 'CearÃ¡', 'CE', 1),
(425, 31, 'Distrito Federal', 'DF', 1),
(426, 31, 'EspÃ­rito Santo', 'ES', 1),
(427, 31, 'GoiÃ¡s', 'GO', 1),
(428, 31, 'MaranhÃ£o', 'MA', 1),
(429, 31, 'Mato Grosso', 'MT', 1),
(430, 31, 'Mato Grosso do Sul', 'MS', 1),
(431, 31, 'Minas Gerais', 'MG', 1),
(432, 31, 'ParÃ¡', 'PA', 1),
(433, 31, 'ParaÃ­ba', 'PB', 1),
(434, 31, 'ParanÃ¡', 'PR', 1),
(435, 31, 'Pernambuco', 'PE', 1),
(436, 31, 'PiauÃ­', 'PI', 1),
(437, 31, 'Rio de Janeiro', 'RJ', 1),
(438, 31, 'Rio Grande do Norte', 'RN', 1),
(439, 31, 'Rio Grande do Sul', 'RS', 1),
(440, 31, 'RondÃ´nia', 'RO', 1),
(441, 31, 'Roraima', 'RR', 1),
(442, 31, 'Santa Catarina', 'SC', 1),
(443, 31, 'SÃ£o Paulo', 'SP', 1),
(444, 31, 'Sergipe', 'SE', 1),
(445, 31, 'Tocantins', 'TO', 1),
(446, 32, 'Acklins', 'ACK', 1),
(447, 32, 'Berry Islands', 'BER', 1),
(448, 32, 'Bimini', 'BIM', 1),
(449, 32, 'Black Point', 'BLK', 1),
(450, 32, 'Cat Island', 'CAT', 1),
(451, 32, 'Central Abaco', 'CAB', 1),
(452, 32, 'Central Andros', 'CAN', 1),
(453, 32, 'Central Eleuthera', 'CEL', 1),
(454, 32, 'City of Freeport', 'FRE', 1),
(455, 32, 'Crooked Island', 'CRO', 1),
(456, 32, 'East Grand Bahama', 'EGB', 1),
(457, 32, 'Exuma', 'EXU', 1),
(458, 32, 'Grand Cay', 'GRD', 1),
(459, 32, 'Harbour Island', 'HAR', 1),
(460, 32, 'Hope Town', 'HOP', 1),
(461, 32, 'Inagua', 'INA', 1),
(462, 32, 'Long Island', 'LNG', 1),
(463, 32, 'Mangrove Cay', 'MAN', 1),
(464, 32, 'Mayaguana', 'MAY', 1),
(465, 32, 'Moore''s Island', 'MOO', 1),
(466, 32, 'North Abaco', 'NAB', 1),
(467, 32, 'North Andros', 'NAN', 1),
(468, 32, 'North Eleuthera', 'NEL', 1),
(469, 32, 'Ragged Island', 'RAG', 1),
(470, 32, 'Rum Cay', 'RUM', 1),
(471, 32, 'San Salvador', 'SAL', 1),
(472, 32, 'South Abaco', 'SAB', 1),
(473, 32, 'South Andros', 'SAN', 1),
(474, 32, 'South Eleuthera', 'SEL', 1),
(475, 32, 'Spanish Wells', 'SWE', 1),
(476, 32, 'West Grand Bahama', 'WGB', 1),
(477, 33, 'Bumthang', 'BUM', 1),
(478, 33, 'Chukha', 'CHU', 1),
(479, 33, 'Dagana', 'DAG', 1),
(480, 33, 'Gasa', 'GAS', 1),
(481, 33, 'Haa', 'HAA', 1),
(482, 33, 'Lhuntse', 'LHU', 1),
(483, 33, 'Mongar', 'MON', 1),
(484, 33, 'Paro', 'PAR', 1),
(485, 33, 'Pemagatshel', 'PEM', 1),
(486, 33, 'Punakha', 'PUN', 1),
(487, 33, 'Samdrup Jongkhar', 'SJO', 1),
(488, 33, 'Samtse', 'SAT', 1),
(489, 33, 'Sarpang', 'SAR', 1),
(490, 33, 'Thimphu', 'THI', 1),
(491, 33, 'Trashigang', 'TRG', 1),
(492, 33, 'Trashiyangste', 'TRY', 1),
(493, 33, 'Trongsa', 'TRO', 1),
(494, 33, 'Tsirang', 'TSI', 1),
(495, 33, 'Wangdue Phodrang', 'WPH', 1),
(496, 33, 'Zhemgang', 'ZHE', 1),
(497, 35, 'Central', 'CE', 1),
(498, 35, 'Ghanzi', 'GH', 1),
(499, 35, 'Kgalagadi', 'KD', 1),
(500, 35, 'Kgatleng', 'KT', 1),
(501, 35, 'Kweneng', 'KW', 1),
(502, 35, 'Ngamiland', 'NG', 1),
(503, 35, 'North East', 'NE', 1),
(504, 35, 'North West', 'NW', 1),
(505, 35, 'South East', 'SE', 1),
(506, 35, 'Southern', 'SO', 1),
(507, 36, 'Brestskaya (Brest)', 'BR', 1),
(508, 36, 'Homyel''skaya (Homyel'')', 'HO', 1),
(509, 36, 'Horad Minsk', 'HM', 1),
(510, 36, 'Hrodzyenskaya (Hrodna)', 'HR', 1),
(511, 36, 'Mahilyowskaya (Mahilyow)', 'MA', 1),
(512, 36, 'Minskaya', 'MI', 1),
(513, 36, 'Vitsyebskaya (Vitsyebsk)', 'VI', 1),
(514, 37, 'Belize', 'BZ', 1),
(515, 37, 'Cayo', 'CY', 1),
(516, 37, 'Corozal', 'CR', 1),
(517, 37, 'Orange Walk', 'OW', 1),
(518, 37, 'Stann Creek', 'SC', 1),
(519, 37, 'Toledo', 'TO', 1),
(520, 38, 'Alberta', 'AB', 1),
(521, 38, 'British Columbia', 'BC', 1),
(522, 38, 'Manitoba', 'MB', 1),
(523, 38, 'New Brunswick', 'NB', 1),
(524, 38, 'Newfoundland and Labrador', 'NL', 1),
(525, 38, 'Northwest Territories', 'NT', 1),
(526, 38, 'Nova Scotia', 'NS', 1),
(527, 38, 'Nunavut', 'NU', 1),
(528, 38, 'Ontario', 'ON', 1),
(529, 38, 'Prince Edward Island', 'PE', 1),
(530, 38, 'Qu&eacute;bec', 'QC', 1),
(531, 38, 'Saskatchewan', 'SK', 1),
(532, 38, 'Yukon Territory', 'YT', 1),
(533, 39, 'Direction Island', 'D', 1),
(534, 39, 'Home Island', 'H', 1),
(535, 39, 'Horsburgh Island', 'O', 1),
(536, 39, 'South Island', 'S', 1),
(537, 39, 'West Island', 'W', 1),
(538, 40, 'Bas-Congo', 'BC', 1),
(539, 40, 'Bandundu', 'BN', 1),
(540, 40, 'Equateur', 'EQ', 1),
(541, 40, 'Katanga', 'KA', 1),
(542, 40, 'Kasai-Oriental', 'KE', 1),
(543, 40, 'Kinshasa', 'KN', 1),
(544, 40, 'Kasai-Occidental', 'KW', 1),
(545, 40, 'Maniema', 'MA', 1),
(546, 40, 'Nord-Kivu', 'NK', 1),
(547, 40, 'Orientale', 'OR', 1),
(548, 40, 'Sud-Kivu', 'SK', 1),
(549, 41, 'Bamingui-Bangoran', 'BBA', 1),
(550, 41, 'Basse-Kotto', 'BKO', 1),
(551, 41, 'Haute-Kotto', 'HKO', 1),
(552, 41, 'Haut-Mbomou', 'HMB', 1),
(553, 41, 'Kemo', 'KEM', 1),
(554, 41, 'Lobaye', 'LOB', 1),
(555, 41, 'Mambere-KadeÃ”', 'MKD', 1),
(556, 41, 'Mbomou', 'MBO', 1),
(557, 41, 'Nana-Mambere', 'NMM', 1),
(558, 41, 'Ombella-M''Poko', 'OMP', 1),
(559, 41, 'Ouaka', 'OUK', 1),
(560, 41, 'Ouham', 'OUH', 1),
(561, 41, 'Ouham-Pende', 'OPE', 1),
(562, 41, 'Vakaga', 'VAK', 1),
(563, 41, 'Nana-Grebizi', 'NGR', 1),
(564, 41, 'Sangha-Mbaere', 'SMB', 1),
(565, 41, 'Bangui', 'BAN', 1),
(566, 42, 'Bouenza', 'BO', 1),
(567, 42, 'Brazzaville', 'BR', 1),
(568, 42, 'Cuvette', 'CU', 1),
(569, 42, 'Cuvette-Ouest', 'CO', 1),
(570, 42, 'Kouilou', 'KO', 1),
(571, 42, 'Lekoumou', 'LE', 1),
(572, 42, 'Likouala', 'LI', 1),
(573, 42, 'Niari', 'NI', 1),
(574, 42, 'Plateaux', 'PL', 1),
(575, 42, 'Pool', 'PO', 1),
(576, 42, 'Sangha', 'SA', 1),
(577, 43, 'Aargau', 'AG', 1),
(578, 43, 'Appenzell Ausserrhoden', 'AR', 1),
(579, 43, 'Appenzell Innerrhoden', 'AI', 1),
(580, 43, 'Basel-Stadt', 'BS', 1),
(581, 43, 'Basel-Landschaft', 'BL', 1),
(582, 43, 'Bern', 'BE', 1),
(583, 43, 'Fribourg', 'FR', 1),
(584, 43, 'Gen&egrave;ve', 'GE', 1),
(585, 43, 'Glarus', 'GL', 1),
(586, 43, 'Graub&uuml;nden', 'GR', 1),
(587, 43, 'Jura', 'JU', 1),
(588, 43, 'Luzern', 'LU', 1),
(589, 43, 'Neuch&acirc;tel', 'NE', 1),
(590, 43, 'Nidwald', 'NW', 1),
(591, 43, 'Obwald', 'OW', 1),
(592, 43, 'St. Gallen', 'SG', 1),
(593, 43, 'Schaffhausen', 'SH', 1),
(594, 43, 'Schwyz', 'SZ', 1),
(595, 43, 'Solothurn', 'SO', 1),
(596, 43, 'Thurgau', 'TG', 1),
(597, 43, 'Ticino', 'TI', 1),
(598, 43, 'Uri', 'UR', 1),
(599, 43, 'Valais', 'VS', 1),
(600, 43, 'Vaud', 'VD', 1),
(601, 43, 'Zug', 'ZG', 1),
(602, 43, 'Z&uuml;rich', 'ZH', 1),
(603, 44, 'Abengourou', 'ABE', 1),
(604, 44, 'Abidjan', 'ABI', 1),
(605, 44, 'Aboisso', 'ABO', 1),
(606, 44, 'Adiake', 'ADI', 1),
(607, 44, 'Adzope', 'ADZ', 1),
(608, 44, 'Agboville', 'AGB', 1),
(609, 44, 'Agnibilekrou', 'AGN', 1),
(610, 44, 'Alepe', 'ALE', 1),
(611, 44, 'Bocanda', 'BOC', 1),
(612, 44, 'Bangolo', 'BAN', 1),
(613, 44, 'Beoumi', 'BEO', 1),
(614, 44, 'Biankouma', 'BIA', 1),
(615, 44, 'Bondoukou', 'BDK', 1),
(616, 44, 'Bongouanou', 'BGN', 1),
(617, 44, 'Bouafle', 'BFL', 1),
(618, 44, 'Bouake', 'BKE', 1),
(619, 44, 'Bouna', 'BNA', 1),
(620, 44, 'Boundiali', 'BDL', 1),
(621, 44, 'Dabakala', 'DKL', 1),
(622, 44, 'Dabou', 'DBU', 1),
(623, 44, 'Daloa', 'DAL', 1),
(624, 44, 'Danane', 'DAN', 1),
(625, 44, 'Daoukro', 'DAO', 1),
(626, 44, 'Dimbokro', 'DIM', 1),
(627, 44, 'Divo', 'DIV', 1),
(628, 44, 'Duekoue', 'DUE', 1),
(629, 44, 'Ferkessedougou', 'FER', 1),
(630, 44, 'Gagnoa', 'GAG', 1),
(631, 44, 'Grand-Bassam', 'GBA', 1),
(632, 44, 'Grand-Lahou', 'GLA', 1),
(633, 44, 'Guiglo', 'GUI', 1),
(634, 44, 'Issia', 'ISS', 1),
(635, 44, 'Jacqueville', 'JAC', 1),
(636, 44, 'Katiola', 'KAT', 1),
(637, 44, 'Korhogo', 'KOR', 1),
(638, 44, 'Lakota', 'LAK', 1),
(639, 44, 'Man', 'MAN', 1),
(640, 44, 'Mankono', 'MKN', 1),
(641, 44, 'Mbahiakro', 'MBA', 1),
(642, 44, 'Odienne', 'ODI', 1),
(643, 44, 'Oume', 'OUM', 1),
(644, 44, 'Sakassou', 'SAK', 1),
(645, 44, 'San-Pedro', 'SPE', 1),
(646, 44, 'Sassandra', 'SAS', 1),
(647, 44, 'Seguela', 'SEG', 1),
(648, 44, 'Sinfra', 'SIN', 1),
(649, 44, 'Soubre', 'SOU', 1),
(650, 44, 'Tabou', 'TAB', 1),
(651, 44, 'Tanda', 'TAN', 1),
(652, 44, 'Tiebissou', 'TIE', 1),
(653, 44, 'Tingrela', 'TIN', 1),
(654, 44, 'Tiassale', 'TIA', 1),
(655, 44, 'Touba', 'TBA', 1),
(656, 44, 'Toulepleu', 'TLP', 1),
(657, 44, 'Toumodi', 'TMD', 1),
(658, 44, 'Vavoua', 'VAV', 1),
(659, 44, 'Yamoussoukro', 'YAM', 1),
(660, 44, 'Zuenoula', 'ZUE', 1),
(661, 45, 'Pukapuka', 'PU', 1),
(662, 45, 'Rakahanga', 'RK', 1),
(663, 45, 'Manihiki', 'MK', 1),
(664, 45, 'Penrhyn', 'PE', 1),
(665, 45, 'Nassau Island', 'NI', 1),
(666, 45, 'Surwarrow', 'SU', 1),
(667, 45, 'Palmerston', 'PA', 1),
(668, 45, 'Aitutaki', 'AI', 1),
(669, 45, 'Manuae', 'MA', 1),
(670, 45, 'Takutea', 'TA', 1),
(671, 45, 'Mitiaro', 'MT', 1),
(672, 45, 'Atiu', 'AT', 1),
(673, 45, 'Mauke', 'MU', 1),
(674, 45, 'Rarotonga', 'RR', 1),
(675, 45, 'Mangaia', 'MG', 1),
(676, 46, 'Aisen del General Carlos Ibanez', 'AI', 1),
(677, 46, 'Antofagasta', 'AN', 1),
(678, 46, 'Araucania', 'AR', 1),
(679, 46, 'Atacama', 'AT', 1),
(680, 46, 'Bio-Bio', 'BI', 1),
(681, 46, 'Coquimbo', 'CO', 1),
(682, 46, 'Libertador General Bernardo O''Hi', 'LI', 1),
(683, 46, 'Los Lagos', 'LL', 1),
(684, 46, 'Magallanes y de la Antartica Chi', 'MA', 1),
(685, 46, 'Maule', 'ML', 1),
(686, 46, 'Region Metropolitana', 'RM', 1),
(687, 46, 'Tarapaca', 'TA', 1),
(688, 46, 'Valparaiso', 'VS', 1),
(689, 47, 'Adamawa (Adamaoua)', 'ADA', 1),
(690, 47, 'Centre', 'CEN', 1),
(691, 47, 'East (Est)', 'EST', 1),
(692, 47, 'Extreme North (Extreme-Nord)', 'EXN', 1),
(693, 47, 'Littoral', 'LIT', 1),
(694, 47, 'North (Nord)', 'NOR', 1),
(695, 47, 'Northwest (Nord-Ouest)', 'NOT', 1),
(696, 47, 'West (Ouest)', 'OUE', 1),
(697, 47, 'South (Sud)', 'SUD', 1),
(698, 47, 'Southwest (Sud-Ouest).', 'SOU', 1),
(699, 48, 'Anhui', 'AN', 1),
(700, 48, 'Beijing', 'BE', 1),
(701, 48, 'Chongqing', 'CH', 1),
(702, 48, 'Fujian', 'FU', 1),
(703, 48, 'Gansu', 'GA', 1),
(704, 48, 'Guangdong', 'GU', 1),
(705, 48, 'Guangxi', 'GX', 1),
(706, 48, 'Guizhou', 'GZ', 1),
(707, 48, 'Hainan', 'HA', 1),
(708, 48, 'Hebei', 'HB', 1),
(709, 48, 'Heilongjiang', 'HL', 1),
(710, 48, 'Henan', 'HE', 1),
(711, 48, 'Hong Kong', 'HK', 1),
(712, 48, 'Hubei', 'HU', 1),
(713, 48, 'Hunan', 'HN', 1),
(714, 48, 'Inner Mongolia', 'IM', 1),
(715, 48, 'Jiangsu', 'JI', 1),
(716, 48, 'Jiangxi', 'JX', 1),
(717, 48, 'Jilin', 'JL', 1),
(718, 48, 'Liaoning', 'LI', 1),
(719, 48, 'Macau', 'MA', 1),
(720, 48, 'Ningxia', 'NI', 1),
(721, 48, 'Shaanxi', 'SH', 1),
(722, 48, 'Shandong', 'SA', 1),
(723, 48, 'Shanghai', 'SG', 1),
(724, 48, 'Shanxi', 'SX', 1),
(725, 48, 'Sichuan', 'SI', 1),
(726, 48, 'Tianjin', 'TI', 1),
(727, 48, 'Xinjiang', 'XI', 1),
(728, 48, 'Yunnan', 'YU', 1),
(729, 48, 'Zhejiang', 'ZH', 1),
(730, 49, 'Amazonas', 'AMZ', 1),
(731, 49, 'Antioquia', 'ANT', 1),
(732, 49, 'Arauca', 'ARA', 1),
(733, 49, 'Atlantico', 'ATL', 1),
(734, 49, 'Bogota D.C.', 'BDC', 1),
(735, 49, 'Bolivar', 'BOL', 1),
(736, 49, 'Boyaca', 'BOY', 1),
(737, 49, 'Caldas', 'CAL', 1),
(738, 49, 'Caqueta', 'CAQ', 1),
(739, 49, 'Casanare', 'CAS', 1),
(740, 49, 'Cauca', 'CAU', 1),
(741, 49, 'Cesar', 'CES', 1),
(742, 49, 'Choco', 'CHO', 1),
(743, 49, 'Cordoba', 'COR', 1),
(744, 49, 'Cundinamarca', 'CAM', 1),
(745, 49, 'Guainia', 'GNA', 1),
(746, 49, 'Guajira', 'GJR', 1),
(747, 49, 'Guaviare', 'GVR', 1),
(748, 49, 'Huila', 'HUI', 1),
(749, 49, 'Magdalena', 'MAG', 1),
(750, 49, 'Meta', 'MET', 1),
(751, 49, 'Narino', 'NAR', 1),
(752, 49, 'Norte de Santander', 'NDS', 1),
(753, 49, 'Putumayo', 'PUT', 1),
(754, 49, 'Quindio', 'QUI', 1),
(755, 49, 'Risaralda', 'RIS', 1),
(756, 49, 'San Andres y Providencia', 'SAP', 1),
(757, 49, 'Santander', 'SAN', 1),
(758, 49, 'Sucre', 'SUC', 1),
(759, 49, 'Tolima', 'TOL', 1),
(760, 49, 'Valle del Cauca', 'VDC', 1),
(761, 49, 'Vaupes', 'VAU', 1),
(762, 49, 'Vichada', 'VIC', 1),
(763, 50, 'Alajuela', 'AL', 1),
(764, 50, 'Cartago', 'CA', 1),
(765, 50, 'Guanacaste', 'GU', 1),
(766, 50, 'Heredia', 'HE', 1),
(767, 50, 'Limon', 'LI', 1),
(768, 50, 'Puntarenas', 'PU', 1),
(769, 50, 'San Jose', 'SJ', 1),
(770, 51, 'Camaguey', 'CA', 1),
(771, 51, 'Ciego de Avila', 'CD', 1),
(772, 51, 'Cienfuegos', 'CI', 1),
(773, 51, 'Ciudad de La Habana', 'CH', 1),
(774, 51, 'Granma', 'GR', 1),
(775, 51, 'Guantanamo', 'GU', 1),
(776, 51, 'Holguin', 'HO', 1),
(777, 51, 'Isla de la Juventud', 'IJ', 1),
(778, 51, 'La Habana', 'LH', 1),
(779, 51, 'Las Tunas', 'LT', 1),
(780, 51, 'Matanzas', 'MA', 1),
(781, 51, 'Pinar del Rio', 'PR', 1),
(782, 51, 'Sancti Spiritus', 'SS', 1),
(783, 51, 'Santiago de Cuba', 'SC', 1),
(784, 51, 'Villa Clara', 'VC', 1),
(785, 52, 'Boa Vista', 'BV', 1),
(786, 52, 'Brava', 'BR', 1),
(787, 52, 'Calheta de Sao Miguel', 'CS', 1),
(788, 52, 'Maio', 'MA', 1),
(789, 52, 'Mosteiros', 'MO', 1),
(790, 52, 'Paul', 'PA', 1),
(791, 52, 'Porto Novo', 'PN', 1),
(792, 52, 'Praia', 'PR', 1),
(793, 52, 'Ribeira Grande', 'RG', 1),
(794, 52, 'Sal', 'SL', 1),
(795, 52, 'Santa Catarina', 'CA', 1),
(796, 52, 'Santa Cruz', 'CR', 1),
(797, 52, 'Sao Domingos', 'SD', 1),
(798, 52, 'Sao Filipe', 'SF', 1),
(799, 52, 'Sao Nicolau', 'SN', 1),
(800, 52, 'Sao Vicente', 'SV', 1),
(801, 52, 'Tarrafal', 'TA', 1),
(802, 54, 'Famagusta', 'F', 1),
(803, 54, 'Kyrenia', 'K', 1),
(804, 54, 'Larnaca', 'A', 1),
(805, 54, 'Limassol', 'I', 1),
(806, 54, 'Nicosia', 'N', 1),
(807, 54, 'Paphos', 'P', 1),
(808, 55, 'ÃšsteckÃ½', 'U', 1),
(809, 55, 'JihoÄeskÃ½', 'C', 1),
(810, 55, 'JihomoravskÃ½', 'B', 1),
(811, 55, 'KarlovarskÃ½', 'K', 1),
(812, 55, 'KrÃ¡lovehradeckÃ½', 'H', 1),
(813, 55, 'LibereckÃ½', 'L', 1),
(814, 55, 'MoravskoslezskÃ½', 'T', 1),
(815, 55, 'OlomouckÃ½', 'M', 1),
(816, 55, 'PardubickÃ½', 'E', 1),
(817, 55, 'PlzeÅˆskÃ½', 'P', 1),
(818, 55, 'Praha', 'A', 1),
(819, 55, 'StÅ™edoÄeskÃ½', 'S', 1),
(820, 55, 'VysoÄina', 'J', 1),
(821, 55, 'ZlÃ­nskÃ½', 'Z', 1),
(822, 56, 'Baden-W&uuml;rttemberg', 'BAW', 1),
(823, 56, 'Bayern', 'BAY', 1),
(824, 56, 'Berlin', 'BER', 1),
(825, 56, 'Brandenburg', 'BRG', 1),
(826, 56, 'Bremen', 'BRE', 1),
(827, 56, 'Hamburg', 'HAM', 1),
(828, 56, 'Hessen', 'HES', 1),
(829, 56, 'Mecklenburg-Vorpommern', 'MEC', 1),
(830, 56, 'Niedersachsen', 'NDS', 1),
(831, 56, 'Nordrhein-Westfalen', 'NRW', 1),
(832, 56, 'Rheinland-Pfalz', 'RHE', 1),
(833, 56, 'Saarland', 'SAR', 1),
(834, 56, 'Sachsen', 'SAS', 1),
(835, 56, 'Sachsen-Anhalt', 'SAC', 1),
(836, 56, 'Schleswig-Holstein', 'SCN', 1),
(837, 56, 'Th&uuml;ringen', 'THE', 1),
(838, 57, '''Ali Sabih', 'S', 1),
(839, 57, 'Dikhil', 'K', 1),
(840, 57, 'Djibouti', 'J', 1),
(841, 57, 'Obock', 'O', 1),
(842, 57, 'Tadjoura', 'T', 1),
(843, 58, 'Arhus', 'AR', 1),
(844, 58, 'Bornholm', 'BH', 1),
(845, 58, 'Copenhagen', 'CO', 1),
(846, 58, 'Faroe Islands', 'FO', 1),
(847, 58, 'Frederiksborg', 'FR', 1),
(848, 58, 'Fyn', 'FY', 1),
(849, 58, 'Kobenhavn', 'KO', 1),
(850, 58, 'Nordjylland', 'NO', 1),
(851, 58, 'Ribe', 'RI', 1),
(852, 58, 'Ringkobing', 'RK', 1),
(853, 58, 'Roskilde', 'RO', 1),
(854, 58, 'Sonderjylland', 'SO', 1),
(855, 58, 'Storstrom', 'ST', 1),
(856, 58, 'Vejle', 'VK', 1),
(857, 58, 'Vestj&aelig;lland', 'VJ', 1),
(858, 58, 'Viborg', 'VB', 1),
(859, 59, 'Saint Andrew Parish', 'AND', 1),
(860, 59, 'Saint David Parish', 'DAV', 1),
(861, 59, 'Saint George Parish', 'GEO', 1),
(862, 59, 'Saint John Parish', 'JOH', 1),
(863, 59, 'Saint Joseph Parish', 'JOS', 1),
(864, 59, 'Saint Luke Parish', 'LUK', 1),
(865, 59, 'Saint Mark Parish', 'MAR', 1),
(866, 59, 'Saint Patrick Parish', 'PAT', 1),
(867, 59, 'Saint Paul Parish', 'PAU', 1),
(868, 59, 'Saint Peter Parish', 'PET', 1),
(869, 60, 'Distrito Nacional', 'DN', 1),
(870, 60, 'Azua', 'AZ', 1),
(871, 60, 'Baoruco', 'BC', 1),
(872, 60, 'Barahona', 'BH', 1),
(873, 60, 'Dajabon', 'DJ', 1),
(874, 60, 'Duarte', 'DU', 1),
(875, 60, 'Elias Pina', 'EL', 1),
(876, 60, 'El Seybo', 'SY', 1),
(877, 60, 'Espaillat', 'ET', 1),
(878, 60, 'Hato Mayor', 'HM', 1),
(879, 60, 'Independencia', 'IN', 1),
(880, 60, 'La Altagracia', 'AL', 1),
(881, 60, 'La Romana', 'RO', 1),
(882, 60, 'La Vega', 'VE', 1),
(883, 60, 'Maria Trinidad Sanchez', 'MT', 1),
(884, 60, 'Monsenor Nouel', 'MN', 1),
(885, 60, 'Monte Cristi', 'MC', 1),
(886, 60, 'Monte Plata', 'MP', 1),
(887, 60, 'Pedernales', 'PD', 1),
(888, 60, 'Peravia (Bani)', 'PR', 1),
(889, 60, 'Puerto Plata', 'PP', 1),
(890, 60, 'Salcedo', 'SL', 1),
(891, 60, 'Samana', 'SM', 1),
(892, 60, 'Sanchez Ramirez', 'SH', 1),
(893, 60, 'San Cristobal', 'SC', 1),
(894, 60, 'San Jose de Ocoa', 'JO', 1),
(895, 60, 'San Juan', 'SJ', 1),
(896, 60, 'San Pedro de Macoris', 'PM', 1),
(897, 60, 'Santiago', 'SA', 1),
(898, 60, 'Santiago Rodriguez', 'ST', 1),
(899, 60, 'Santo Domingo', 'SD', 1),
(900, 60, 'Valverde', 'VA', 1),
(901, 61, 'Adrar', 'ADR', 1),
(902, 61, 'Ain Defla', 'ADE', 1),
(903, 61, 'Ain Temouchent', 'ATE', 1),
(904, 61, 'Alger', 'ALG', 1),
(905, 61, 'Annaba', 'ANN', 1),
(906, 61, 'Batna', 'BAT', 1),
(907, 61, 'Bechar', 'BEC', 1),
(908, 61, 'Bejaia', 'BEJ', 1),
(909, 61, 'Biskra', 'BIS', 1),
(910, 61, 'Blida', 'BLI', 1),
(911, 61, 'Bordj Bou Arreridj', 'BBA', 1),
(912, 61, 'Bouira', 'BOA', 1),
(913, 61, 'Boumerdes', 'BMD', 1),
(914, 61, 'Chlef', 'CHL', 1),
(915, 61, 'Constantine', 'CON', 1),
(916, 61, 'Djelfa', 'DJE', 1),
(917, 61, 'El Bayadh', 'EBA', 1),
(918, 61, 'El Oued', 'EOU', 1),
(919, 61, 'El Tarf', 'ETA', 1),
(920, 61, 'Ghardaia', 'GHA', 1),
(921, 61, 'Guelma', 'GUE', 1),
(922, 61, 'Illizi', 'ILL', 1),
(923, 61, 'Jijel', 'JIJ', 1),
(924, 61, 'Khenchela', 'KHE', 1),
(925, 61, 'Laghouat', 'LAG', 1),
(926, 61, 'Muaskar', 'MUA', 1),
(927, 61, 'Medea', 'MED', 1),
(928, 61, 'Mila', 'MIL', 1),
(929, 61, 'Mostaganem', 'MOS', 1),
(930, 61, 'M''Sila', 'MSI', 1),
(931, 61, 'Naama', 'NAA', 1),
(932, 61, 'Oran', 'ORA', 1),
(933, 61, 'Ouargla', 'OUA', 1),
(934, 61, 'Oum el-Bouaghi', 'OEB', 1),
(935, 61, 'Relizane', 'REL', 1),
(936, 61, 'Saida', 'SAI', 1),
(937, 61, 'Setif', 'SET', 1),
(938, 61, 'Sidi Bel Abbes', 'SBA', 1),
(939, 61, 'Skikda', 'SKI', 1),
(940, 61, 'Souk Ahras', 'SAH', 1),
(941, 61, 'Tamanghasset', 'TAM', 1),
(942, 61, 'Tebessa', 'TEB', 1),
(943, 61, 'Tiaret', 'TIA', 1),
(944, 61, 'Tindouf', 'TIN', 1),
(945, 61, 'Tipaza', 'TIP', 1),
(946, 61, 'Tissemsilt', 'TIS', 1),
(947, 61, 'Tizi Ouzou', 'TOU', 1),
(948, 61, 'Tlemcen', 'TLE', 1),
(949, 62, 'Azuay', 'AZU', 1),
(950, 62, 'Bolivar', 'BOL', 1),
(951, 62, 'Ca&ntilde;ar', 'CAN', 1),
(952, 62, 'Carchi', 'CAR', 1),
(953, 62, 'Chimborazo', 'CHI', 1),
(954, 62, 'Cotopaxi', 'COT', 1),
(955, 62, 'El Oro', 'EOR', 1),
(956, 62, 'Esmeraldas', 'ESM', 1),
(957, 62, 'Gal&aacute;pagos', 'GPS', 1),
(958, 62, 'Guayas', 'GUA', 1),
(959, 62, 'Imbabura', 'IMB', 1),
(960, 62, 'Loja', 'LOJ', 1),
(961, 62, 'Los Rios', 'LRO', 1),
(962, 62, 'Manab&iacute;', 'MAN', 1),
(963, 62, 'Morona Santiago', 'MSA', 1),
(964, 62, 'Napo', 'NAP', 1),
(965, 62, 'Orellana', 'ORE', 1),
(966, 62, 'Pastaza', 'PAS', 1),
(967, 62, 'Pichincha', 'PIC', 1),
(968, 62, 'Sucumb&iacute;os', 'SUC', 1),
(969, 62, 'Tungurahua', 'TUN', 1),
(970, 62, 'Zamora Chinchipe', 'ZCH', 1),
(971, 63, 'Harjumaa (Tallinn)', 'HA', 1),
(972, 63, 'Hiiumaa (Kardla)', 'HI', 1),
(973, 63, 'Ida-Virumaa (Johvi)', 'IV', 1),
(974, 63, 'Jarvamaa (Paide)', 'JA', 1),
(975, 63, 'Jogevamaa (Jogeva)', 'JO', 1),
(976, 63, 'Laane-Virumaa (Rakvere)', 'LV', 1),
(977, 63, 'Laanemaa (Haapsalu)', 'LA', 1),
(978, 63, 'Parnumaa (Parnu)', 'PA', 1),
(979, 63, 'Polvamaa (Polva)', 'PO', 1),
(980, 63, 'Raplamaa (Rapla)', 'RA', 1),
(981, 63, 'Saaremaa (Kuessaare)', 'SA', 1),
(982, 63, 'Tartumaa (Tartu)', 'TA', 1),
(983, 63, 'Valgamaa (Valga)', 'VA', 1),
(984, 63, 'Viljandimaa (Viljandi)', 'VI', 1),
(985, 63, 'Vorumaa (Voru)', 'VO', 1),
(986, 64, 'Ad Daqahliyah', 'DHY', 1),
(987, 64, 'Al Bahr al Ahmar', 'BAM', 1),
(988, 64, 'Al Buhayrah', 'BHY', 1),
(989, 64, 'Al Fayyum', 'FYM', 1),
(990, 64, 'Al Gharbiyah', 'GBY', 1),
(991, 64, 'Al Iskandariyah', 'IDR', 1),
(992, 64, 'Al Isma''iliyah', 'IML', 1),
(993, 64, 'Al Jizah', 'JZH', 1),
(994, 64, 'Al Minufiyah', 'MFY', 1),
(995, 64, 'Al Minya', 'MNY', 1),
(996, 64, 'Al Qahirah', 'QHR', 1),
(997, 64, 'Al Qalyubiyah', 'QLY', 1),
(998, 64, 'Al Wadi al Jadid', 'WJD', 1),
(999, 64, 'Ash Sharqiyah', 'SHQ', 1),
(1000, 64, 'As Suways', 'SWY', 1),
(1001, 64, 'Aswan', 'ASW', 1),
(1002, 64, 'Asyut', 'ASY', 1),
(1003, 64, 'Bani Suwayf', 'BSW', 1),
(1004, 64, 'Bur Sa''id', 'BSD', 1),
(1005, 64, 'Dumyat', 'DMY', 1),
(1006, 64, 'Janub Sina''', 'JNS', 1),
(1007, 64, 'Kafr ash Shaykh', 'KSH', 1),
(1008, 64, 'Matruh', 'MAT', 1),
(1009, 64, 'Qina', 'QIN', 1),
(1010, 64, 'Shamal Sina''', 'SHS', 1),
(1011, 64, 'Suhaj', 'SUH', 1),
(1012, 66, 'Central (Maekel)', 'MA', 1),
(1013, 66, 'Anseba (Keren)', 'KE', 1),
(1014, 66, 'Southern Red Sea (Debub-Keih-Bahri)', 'DK', 1),
(1015, 66, 'Northern Red Sea (Semien-Keih-Bahri)', 'SK', 1),
(1016, 66, 'Southern (Debub)', 'DE', 1),
(1017, 66, 'Gash-Barka (Barentu)', 'BR', 1),
(1018, 67, 'La Coru&ntilde;a', 'CA', 1),
(1019, 67, '&Aacute;lava', 'AL', 1),
(1020, 67, 'Albacete', 'AB', 1),
(1021, 67, 'Alicante', 'AC', 1),
(1022, 67, 'Almeria', 'AM', 1),
(1023, 67, 'Asturias', 'AS', 1),
(1024, 67, '&Aacute;vila', 'AV', 1),
(1025, 67, 'Badajoz', 'BJ', 1),
(1026, 67, 'Baleares', 'IB', 1),
(1027, 67, 'Barcelona', 'BA', 1),
(1028, 67, 'Burgos', 'BU', 1),
(1029, 67, 'C&aacute;ceres', 'CC', 1),
(1030, 67, 'C&aacute;diz', 'CZ', 1),
(1031, 67, 'Cantabria', 'CT', 1),
(1032, 67, 'Castell&oacute;n', 'CL', 1),
(1033, 67, 'Ceuta', 'CE', 1),
(1034, 67, 'Ciudad Real', 'CR', 1),
(1035, 67, 'C&oacute;rdoba', 'CD', 1),
(1036, 67, 'Cuenca', 'CU', 1),
(1037, 67, 'Girona', 'GI', 1),
(1038, 67, 'Granada', 'GD', 1),
(1039, 67, 'Guadalajara', 'GJ', 1),
(1040, 67, 'Guip&uacute;zcoa', 'GP', 1),
(1041, 67, 'Huelva', 'HL', 1),
(1042, 67, 'Huesca', 'HS', 1),
(1043, 67, 'Ja&eacute;n', 'JN', 1),
(1044, 67, 'La Rioja', 'RJ', 1),
(1045, 67, 'Las Palmas', 'PM', 1),
(1046, 67, 'Leon', 'LE', 1),
(1047, 67, 'Lleida', 'LL', 1),
(1048, 67, 'Lugo', 'LG', 1),
(1049, 67, 'Madrid', 'MD', 1),
(1050, 67, 'Malaga', 'MA', 1),
(1051, 67, 'Melilla', 'ML', 1),
(1052, 67, 'Murcia', 'MU', 1),
(1053, 67, 'Navarra', 'NV', 1),
(1054, 67, 'Ourense', 'OU', 1),
(1055, 67, 'Palencia', 'PL', 1),
(1056, 67, 'Pontevedra', 'PO', 1),
(1057, 67, 'Salamanca', 'SL', 1),
(1058, 67, 'Santa Cruz de Tenerife', 'SC', 1),
(1059, 67, 'Segovia', 'SG', 1),
(1060, 67, 'Sevilla', 'SV', 1),
(1061, 67, 'Soria', 'SO', 1),
(1062, 67, 'Tarragona', 'TA', 1),
(1063, 67, 'Teruel', 'TE', 1),
(1064, 67, 'Toledo', 'TO', 1),
(1065, 67, 'Valencia', 'VC', 1),
(1066, 67, 'Valladolid', 'VD', 1),
(1067, 67, 'Vizcaya', 'VZ', 1),
(1068, 67, 'Zamora', 'ZM', 1),
(1069, 67, 'Zaragoza', 'ZR', 1),
(1070, 68, 'Afar', 'AF', 1),
(1071, 68, 'Amhara', 'AH', 1),
(1072, 68, 'Benishangul-Gumaz', 'BG', 1),
(1073, 68, 'Gambela', 'GB', 1),
(1074, 68, 'Hariai', 'HR', 1),
(1075, 68, 'Oromia', 'OR', 1),
(1076, 68, 'Somali', 'SM', 1),
(1077, 68, 'Southern Nations - Nationalities and Peoples Region', 'SN', 1),
(1078, 68, 'Tigray', 'TG', 1),
(1079, 68, 'Addis Ababa', 'AA', 1),
(1080, 68, 'Dire Dawa', 'DD', 1),
(1081, 69, 'Ahvenanmaan Laani', 'AL', 1),
(1082, 69, 'Etela-Suomen Laani', 'ES', 1),
(1083, 69, 'Ita-Suomen Laani', 'IS', 1),
(1084, 69, 'Lansi-Suomen Laani', 'LS', 1),
(1085, 69, 'Lapin Lanani', 'LA', 1),
(1086, 69, 'Oulun Laani', 'OU', 1),
(1087, 70, 'Central Division', 'C', 1),
(1088, 70, 'Northern Division', 'N', 1),
(1089, 70, 'Eastern Division', 'E', 1),
(1090, 70, 'Western Division', 'W', 1),
(1091, 70, 'Rotuma', 'R', 1),
(1092, 72, 'Chuuk', 'C', 1),
(1093, 72, 'Kosrae', 'K', 1),
(1094, 72, 'Pohnpei', 'P', 1),
(1095, 72, 'Yap', 'Y', 1),
(1096, 74, 'Ain', '1', 1),
(1097, 74, 'Aisne', '2', 1),
(1098, 74, 'Allier', '3', 1),
(1099, 74, 'Alpes de Haute Provence', '4', 1),
(1100, 74, 'Hautes-Alpes', '5', 1),
(1101, 74, 'Alpes Maritimes', '6', 1),
(1102, 74, 'Ard&egrave;che', '7', 1),
(1103, 74, 'Ardennes', '8', 1),
(1104, 74, 'Ari&egrave;ge', '9', 1),
(1105, 74, 'Aube', '10', 1),
(1106, 74, 'Aude', '11', 1),
(1107, 74, 'Aveyron', '12', 1),
(1108, 74, 'Bouches du Rh&ocirc;ne', '13', 1),
(1109, 74, 'Calvados', '14', 1),
(1110, 74, 'Cantal', '15', 1),
(1111, 74, 'Charente', '16', 1),
(1112, 74, 'Charente Maritime', '17', 1),
(1113, 74, 'Cher', '18', 1),
(1114, 74, 'Corr&egrave;ze', '19', 1),
(1115, 74, 'Corse du Sud', '2A', 1),
(1116, 74, 'Haute Corse', '2B', 1),
(1117, 74, 'C&ocirc;te d&#039;or', '21', 1),
(1118, 74, 'C&ocirc;tes d&#039;Armor', '22', 1),
(1119, 74, 'Creuse', '23', 1),
(1120, 74, 'Dordogne', '24', 1),
(1121, 74, 'Doubs', '25', 1),
(1122, 74, 'Dr&ocirc;me', '26', 1),
(1123, 74, 'Eure', '27', 1),
(1124, 74, 'Eure et Loir', '28', 1),
(1125, 74, 'Finist&egrave;re', '29', 1),
(1126, 74, 'Gard', '30', 1),
(1127, 74, 'Haute Garonne', '31', 1),
(1128, 74, 'Gers', '32', 1),
(1129, 74, 'Gironde', '33', 1),
(1130, 74, 'H&eacute;rault', '34', 1),
(1131, 74, 'Ille et Vilaine', '35', 1),
(1132, 74, 'Indre', '36', 1),
(1133, 74, 'Indre et Loire', '37', 1),
(1134, 74, 'Is&eacute;re', '38', 1),
(1135, 74, 'Jura', '39', 1),
(1136, 74, 'Landes', '40', 1),
(1137, 74, 'Loir et Cher', '41', 1),
(1138, 74, 'Loire', '42', 1),
(1139, 74, 'Haute Loire', '43', 1),
(1140, 74, 'Loire Atlantique', '44', 1),
(1141, 74, 'Loiret', '45', 1),
(1142, 74, 'Lot', '46', 1),
(1143, 74, 'Lot et Garonne', '47', 1),
(1144, 74, 'Loz&egrave;re', '48', 1),
(1145, 74, 'Maine et Loire', '49', 1),
(1146, 74, 'Manche', '50', 1),
(1147, 74, 'Marne', '51', 1),
(1148, 74, 'Haute Marne', '52', 1),
(1149, 74, 'Mayenne', '53', 1),
(1150, 74, 'Meurthe et Moselle', '54', 1),
(1151, 74, 'Meuse', '55', 1),
(1152, 74, 'Morbihan', '56', 1),
(1153, 74, 'Moselle', '57', 1),
(1154, 74, 'Ni&egrave;vre', '58', 1),
(1155, 74, 'Nord', '59', 1),
(1156, 74, 'Oise', '60', 1),
(1157, 74, 'Orne', '61', 1),
(1158, 74, 'Pas de Calais', '62', 1),
(1159, 74, 'Puy de D&ocirc;me', '63', 1),
(1160, 74, 'Pyr&eacute;n&eacute;es Atlantiques', '64', 1),
(1161, 74, 'Hautes Pyr&eacute;n&eacute;es', '65', 1),
(1162, 74, 'Pyr&eacute;n&eacute;es Orientales', '66', 1),
(1163, 74, 'Bas Rhin', '67', 1),
(1164, 74, 'Haut Rhin', '68', 1),
(1165, 74, 'Rh&ocirc;ne', '69', 1),
(1166, 74, 'Haute Sa&ocirc;ne', '70', 1),
(1167, 74, 'Sa&ocirc;ne et Loire', '71', 1),
(1168, 74, 'Sarthe', '72', 1),
(1169, 74, 'Savoie', '73', 1),
(1170, 74, 'Haute Savoie', '74', 1),
(1171, 74, 'Paris', '75', 1),
(1172, 74, 'Seine Maritime', '76', 1),
(1173, 74, 'Seine et Marne', '77', 1),
(1174, 74, 'Yvelines', '78', 1),
(1175, 74, 'Deux S&egrave;vres', '79', 1),
(1176, 74, 'Somme', '80', 1),
(1177, 74, 'Tarn', '81', 1),
(1178, 74, 'Tarn et Garonne', '82', 1),
(1179, 74, 'Var', '83', 1),
(1180, 74, 'Vaucluse', '84', 1),
(1181, 74, 'Vend&eacute;e', '85', 1),
(1182, 74, 'Vienne', '86', 1),
(1183, 74, 'Haute Vienne', '87', 1),
(1184, 74, 'Vosges', '88', 1),
(1185, 74, 'Yonne', '89', 1),
(1186, 74, 'Territoire de Belfort', '90', 1),
(1187, 74, 'Essonne', '91', 1),
(1188, 74, 'Hauts de Seine', '92', 1),
(1189, 74, 'Seine St-Denis', '93', 1),
(1190, 74, 'Val de Marne', '94', 1),
(1191, 74, 'Val d''Oise', '95', 1),
(1192, 75, 'Estuaire', 'ES', 1),
(1193, 75, 'Haut-Ogooue', 'HO', 1),
(1194, 75, 'Moyen-Ogooue', 'MO', 1),
(1195, 75, 'Ngounie', 'NG', 1),
(1196, 75, 'Nyanga', 'NY', 1),
(1197, 75, 'Ogooue-Ivindo', 'OI', 1),
(1198, 75, 'Ogooue-Lolo', 'OL', 1),
(1199, 75, 'Ogooue-Maritime', 'OM', 1),
(1200, 75, 'Woleu-Ntem', 'WN', 1),
(1201, 76, 'Aberdeen', 'ABN', 1),
(1202, 76, 'Aberdeenshire', 'ABNS', 1),
(1203, 76, 'Anglesey', 'ANG', 1),
(1204, 76, 'Angus', 'AGS', 1),
(1205, 76, 'Argyll and Bute', 'ARY', 1),
(1206, 76, 'Bedfordshire', 'BEDS', 1),
(1207, 76, 'Berkshire', 'BERKS', 1),
(1208, 76, 'Blaenau Gwent', 'BLA', 1),
(1209, 76, 'Bridgend', 'BRI', 1),
(1210, 76, 'Bristol', 'BSTL', 1),
(1211, 76, 'Buckinghamshire', 'BUCKS', 1),
(1212, 76, 'Caerphilly', 'CAE', 1),
(1213, 76, 'Cambridgeshire', 'CAMBS', 1),
(1214, 76, 'Cardiff', 'CDF', 1),
(1215, 76, 'Carmarthenshire', 'CARM', 1),
(1216, 76, 'Ceredigion', 'CDGN', 1),
(1217, 76, 'Cheshire', 'CHES', 1),
(1218, 76, 'Clackmannanshire', 'CLACK', 1),
(1219, 76, 'Conwy', 'CON', 1),
(1220, 76, 'Cornwall', 'CORN', 1),
(1221, 76, 'Denbighshire', 'DNBG', 1),
(1222, 76, 'Derbyshire', 'DERBY', 1),
(1223, 76, 'Devon', 'DVN', 1),
(1224, 76, 'Dorset', 'DOR', 1),
(1225, 76, 'Dumfries and Galloway', 'DGL', 1),
(1226, 76, 'Dundee', 'DUND', 1),
(1227, 76, 'Durham', 'DHM', 1),
(1228, 76, 'East Ayrshire', 'ARYE', 1),
(1229, 76, 'East Dunbartonshire', 'DUNBE', 1),
(1230, 76, 'East Lothian', 'LOTE', 1),
(1231, 76, 'East Renfrewshire', 'RENE', 1),
(1232, 76, 'East Riding of Yorkshire', 'ERYS', 1),
(1233, 76, 'East Sussex', 'SXE', 1),
(1234, 76, 'Edinburgh', 'EDIN', 1),
(1235, 76, 'Essex', 'ESX', 1),
(1236, 76, 'Falkirk', 'FALK', 1),
(1237, 76, 'Fife', 'FFE', 1),
(1238, 76, 'Flintshire', 'FLINT', 1),
(1239, 76, 'Glasgow', 'GLAS', 1),
(1240, 76, 'Gloucestershire', 'GLOS', 1),
(1241, 76, 'Greater London', 'LDN', 1),
(1242, 76, 'Greater Manchester', 'MCH', 1),
(1243, 76, 'Gwynedd', 'GDD', 1),
(1244, 76, 'Hampshire', 'HANTS', 1),
(1245, 76, 'Herefordshire', 'HWR', 1),
(1246, 76, 'Hertfordshire', 'HERTS', 1),
(1247, 76, 'Highlands', 'HLD', 1),
(1248, 76, 'Inverclyde', 'IVER', 1),
(1249, 76, 'Isle of Wight', 'IOW', 1),
(1250, 76, 'Kent', 'KNT', 1),
(1251, 76, 'Lancashire', 'LANCS', 1),
(1252, 76, 'Leicestershire', 'LEICS', 1),
(1253, 76, 'Lincolnshire', 'LINCS', 1),
(1254, 76, 'Merseyside', 'MSY', 1),
(1255, 76, 'Merthyr Tydfil', 'MERT', 1),
(1256, 76, 'Midlothian', 'MLOT', 1),
(1257, 76, 'Monmouthshire', 'MMOUTH', 1),
(1258, 76, 'Moray', 'MORAY', 1),
(1259, 76, 'Neath Port Talbot', 'NPRTAL', 1),
(1260, 76, 'Newport', 'NEWPT', 1),
(1261, 76, 'Norfolk', 'NOR', 1),
(1262, 76, 'North Ayrshire', 'ARYN', 1),
(1263, 76, 'North Lanarkshire', 'LANN', 1),
(1264, 76, 'North Yorkshire', 'YSN', 1),
(1265, 76, 'Northamptonshire', 'NHM', 1),
(1266, 76, 'Northumberland', 'NLD', 1),
(1267, 76, 'Nottinghamshire', 'NOT', 1),
(1268, 76, 'Orkney Islands', 'ORK', 1),
(1269, 76, 'Oxfordshire', 'OFE', 1),
(1270, 76, 'Pembrokeshire', 'PEM', 1),
(1271, 76, 'Perth and Kinross', 'PERTH', 1),
(1272, 76, 'Powys', 'PWS', 1),
(1273, 76, 'Renfrewshire', 'REN', 1),
(1274, 76, 'Rhondda Cynon Taff', 'RHON', 1),
(1275, 76, 'Rutland', 'RUT', 1),
(1276, 76, 'Scottish Borders', 'BOR', 1),
(1277, 76, 'Shetland Islands', 'SHET', 1),
(1278, 76, 'Shropshire', 'SPE', 1),
(1279, 76, 'Somerset', 'SOM', 1),
(1280, 76, 'South Ayrshire', 'ARYS', 1),
(1281, 76, 'South Lanarkshire', 'LANS', 1),
(1282, 76, 'South Yorkshire', 'YSS', 1),
(1283, 76, 'Staffordshire', 'SFD', 1),
(1284, 76, 'Stirling', 'STIR', 1),
(1285, 76, 'Suffolk', 'SFK', 1),
(1286, 76, 'Surrey', 'SRY', 1),
(1287, 76, 'Swansea', 'SWAN', 1),
(1288, 76, 'Torfaen', 'TORF', 1),
(1289, 76, 'Tyne and Wear', 'TWR', 1),
(1290, 76, 'Vale of Glamorgan', 'VGLAM', 1),
(1291, 76, 'Warwickshire', 'WARKS', 1),
(1292, 76, 'West Dunbartonshire', 'WDUN', 1),
(1293, 76, 'West Lothian', 'WLOT', 1),
(1294, 76, 'West Midlands', 'WMD', 1),
(1295, 76, 'West Sussex', 'SXW', 1),
(1296, 76, 'West Yorkshire', 'YSW', 1),
(1297, 76, 'Western Isles', 'WIL', 1),
(1298, 76, 'Wiltshire', 'WLT', 1),
(1299, 76, 'Worcestershire', 'WORCS', 1),
(1300, 76, 'Wrexham', 'WRX', 1),
(1301, 76, 'County Antrim', 'ANT', 1),
(1302, 76, 'County Armagh', 'ARM', 1),
(1303, 76, 'County Down', 'DOW', 1),
(1304, 76, 'County Fermanagh', 'FER', 1),
(1305, 76, 'County Londonderry', 'LDY', 1),
(1306, 76, 'County Tyrone', 'TYR', 1),
(1307, 76, 'Cumbria', 'CMA', 1),
(1308, 76, 'Isle of Man', 'IOM', 1),
(1309, 77, 'Saint Andrew', 'A', 1),
(1310, 77, 'Saint David', 'D', 1),
(1311, 77, 'Saint George', 'G', 1),
(1312, 77, 'Saint John', 'J', 1),
(1313, 77, 'Saint Mark', 'M', 1),
(1314, 77, 'Saint Patrick', 'P', 1),
(1315, 77, 'Carriacou', 'C', 1),
(1316, 77, 'Petit Martinique', 'Q', 1),
(1317, 78, 'Abkhazia', 'AB', 1),
(1318, 78, 'Ajaria', 'AJ', 1),
(1319, 78, 'Tbilisi', 'TB', 1),
(1320, 78, 'Guria', 'GU', 1),
(1321, 78, 'Imereti', 'IM', 1),
(1322, 78, 'Kakheti', 'KA', 1),
(1323, 78, 'Kvemo Kartli', 'KK', 1),
(1324, 78, 'Mtskheta-Mtianeti', 'MM', 1),
(1325, 78, 'Racha Lechkhumi and Kvemo Svanet', 'RL', 1),
(1326, 78, 'Samegrelo-Zemo Svaneti', 'SZ', 1),
(1327, 78, 'Samtskhe-Javakheti', 'SJ', 1),
(1328, 78, 'Shida Kartli', 'SK', 1),
(1329, 81, 'Ashanti Region', 'AS', 1),
(1330, 81, 'Brong-Ahafo Region', 'BA', 1),
(1331, 81, 'Central Region', 'CE', 1),
(1332, 81, 'Eastern Region', 'EA', 1),
(1333, 81, 'Greater Accra Region', 'GA', 1),
(1334, 81, 'Northern Region', 'NO', 1),
(1335, 81, 'Upper East Region', 'UE', 1),
(1336, 81, 'Upper West Region', 'UW', 1),
(1337, 81, 'Volta Region', 'VO', 1),
(1338, 81, 'Western Region', 'WE', 1),
(1339, 83, 'Avannaa', 'A', 1),
(1340, 83, 'Tunu', 'T', 1),
(1341, 83, 'Kitaa', 'K', 1),
(1342, 84, 'Banjul', 'BJ', 1),
(1343, 84, 'Basse', 'BS', 1),
(1344, 84, 'Brikama', 'BR', 1),
(1345, 84, 'Janjangbure', 'JA', 1),
(1346, 84, 'Kanifeng', 'KA', 1),
(1347, 84, 'Kerewan', 'KE', 1),
(1348, 84, 'Kuntaur', 'KU', 1),
(1349, 84, 'Mansakonko', 'MA', 1),
(1350, 84, 'Lower River', 'LR', 1),
(1351, 84, 'Central River', 'CR', 1),
(1352, 84, 'North Bank', 'NB', 1),
(1353, 84, 'Upper River', 'UR', 1),
(1354, 84, 'Western', 'WE', 1),
(1355, 85, 'Conakry', 'CNK', 1),
(1356, 85, 'Beyla', 'BYL', 1),
(1357, 85, 'Boffa', 'BFA', 1),
(1358, 85, 'Boke', 'BOK', 1),
(1359, 85, 'Coyah', 'COY', 1),
(1360, 85, 'Dabola', 'DBL', 1),
(1361, 85, 'Dalaba', 'DLB', 1),
(1362, 85, 'Dinguiraye', 'DGR', 1),
(1363, 85, 'Dubreka', 'DBR', 1),
(1364, 85, 'Faranah', 'FRN', 1),
(1365, 85, 'Forecariah', 'FRC', 1),
(1366, 85, 'Fria', 'FRI', 1),
(1367, 85, 'Gaoual', 'GAO', 1),
(1368, 85, 'Gueckedou', 'GCD', 1),
(1369, 85, 'Kankan', 'KNK', 1),
(1370, 85, 'Kerouane', 'KRN', 1),
(1371, 85, 'Kindia', 'KND', 1),
(1372, 85, 'Kissidougou', 'KSD', 1),
(1373, 85, 'Koubia', 'KBA', 1),
(1374, 85, 'Koundara', 'KDA', 1),
(1375, 85, 'Kouroussa', 'KRA', 1),
(1376, 85, 'Labe', 'LAB', 1),
(1377, 85, 'Lelouma', 'LLM', 1),
(1378, 85, 'Lola', 'LOL', 1),
(1379, 85, 'Macenta', 'MCT', 1),
(1380, 85, 'Mali', 'MAL', 1),
(1381, 85, 'Mamou', 'MAM', 1),
(1382, 85, 'Mandiana', 'MAN', 1),
(1383, 85, 'Nzerekore', 'NZR', 1),
(1384, 85, 'Pita', 'PIT', 1),
(1385, 85, 'Siguiri', 'SIG', 1),
(1386, 85, 'Telimele', 'TLM', 1),
(1387, 85, 'Tougue', 'TOG', 1),
(1388, 85, 'Yomou', 'YOM', 1),
(1389, 87, 'Provincia Annobon', 'AN', 1),
(1390, 87, 'Provincia Bioko Norte', 'BN', 1),
(1391, 87, 'Provincia Bioko Sur', 'BS', 1),
(1392, 87, 'Provincia Centro Sur', 'CS', 1),
(1393, 87, 'Provincia Kie-Ntem', 'KN', 1),
(1394, 87, 'Provincia Litoral', 'LI', 1),
(1395, 87, 'Provincia Wele-Nzas', 'WN', 1),
(1396, 88, 'Attica', 'AT', 1),
(1397, 88, 'Central Greece', 'CN', 1),
(1398, 88, 'Central Macedonia', 'CM', 1),
(1399, 88, 'Crete', 'CR', 1),
(1400, 88, 'East Macedonia and Thrace', 'EM', 1),
(1401, 88, 'Epirus', 'EP', 1),
(1402, 88, 'Ionian Islands', 'II', 1),
(1403, 88, 'North Aegean', 'NA', 1),
(1404, 88, 'Peloponnesos', 'PP', 1),
(1405, 88, 'South Aegean', 'SA', 1),
(1406, 88, 'Thessaly', 'TH', 1),
(1407, 88, 'West Greece', 'WG', 1),
(1408, 88, 'West Macedonia', 'WM', 1),
(1409, 90, 'Alta Verapaz', 'AV', 1),
(1410, 90, 'Baja Verapaz', 'BV', 1),
(1411, 90, 'Chimaltenango', 'CM', 1),
(1412, 90, 'Chiquimula', 'CQ', 1),
(1413, 90, 'El Peten', 'PE', 1),
(1414, 90, 'El Progreso', 'PR', 1),
(1415, 90, 'El Quiche', 'QC', 1),
(1416, 90, 'Escuintla', 'ES', 1),
(1417, 90, 'Guatemala', 'GU', 1),
(1418, 90, 'Huehuetenango', 'HU', 1),
(1419, 90, 'Izabal', 'IZ', 1),
(1420, 90, 'Jalapa', 'JA', 1),
(1421, 90, 'Jutiapa', 'JU', 1),
(1422, 90, 'Quetzaltenango', 'QZ', 1),
(1423, 90, 'Retalhuleu', 'RE', 1),
(1424, 90, 'Sacatepequez', 'ST', 1),
(1425, 90, 'San Marcos', 'SM', 1),
(1426, 90, 'Santa Rosa', 'SR', 1),
(1427, 90, 'Solola', 'SO', 1),
(1428, 90, 'Suchitepequez', 'SU', 1),
(1429, 90, 'Totonicapan', 'TO', 1),
(1430, 90, 'Zacapa', 'ZA', 1),
(1431, 92, 'Bafata Region', 'BF', 1),
(1432, 92, 'Biombo Region', 'BB', 1),
(1433, 92, 'Bissau Region', 'BS', 1),
(1434, 92, 'Bolama Region', 'BL', 1),
(1435, 92, 'Cacheu Region', 'CA', 1),
(1436, 92, 'Gabu Region', 'GA', 1),
(1437, 92, 'Oio Region', 'OI', 1),
(1438, 92, 'Quinara Region', 'QU', 1),
(1439, 92, 'Tombali Region', 'TO', 1),
(1440, 93, 'Barima-Waini', 'BW', 1),
(1441, 93, 'Cuyuni-Mazaruni', 'CM', 1),
(1442, 93, 'Demerara-Mahaica', 'DM', 1),
(1443, 93, 'East Berbice-Corentyne', 'EC', 1),
(1444, 93, 'Essequibo Islands-West Demerara', 'EW', 1),
(1445, 93, 'Mahaica-Berbice', 'MB', 1),
(1446, 93, 'Pomeroon-Supenaam', 'PM', 1),
(1447, 93, 'Potaro-Siparuni', 'PI', 1),
(1448, 93, 'Upper Demerara-Berbice', 'UD', 1),
(1449, 93, 'Upper Takutu-Upper Essequibo', 'UT', 1),
(1450, 94, 'Central and Western Hong Kong Island', 'HCW', 1),
(1451, 94, 'Eastern Hong Kong Island', 'HEA', 1),
(1452, 94, 'Southern Hong Kong Island', 'HSO', 1),
(1453, 94, 'Wan Chai Hong Kong Island', 'HWC', 1),
(1454, 94, 'Kowloon City Kowloon', 'KKC', 1),
(1455, 94, 'Kwun Tong Kowloon', 'KKT', 1),
(1456, 94, 'Sham Shui Po Kowloon', 'KSS', 1),
(1457, 94, 'Wong Tai Sin Kowloon', 'KWT', 1),
(1458, 94, 'Yau Tsim Mong Kowloon', 'KYT', 1),
(1459, 94, 'Islands New Territories', 'NIS', 1),
(1460, 94, 'Kwai Tsing New Territories', 'NKT', 1),
(1461, 94, 'North New Territories', 'NNO', 1),
(1462, 94, 'Sai Kung New Territories', 'NSK', 1),
(1463, 94, 'Sha Tin New Territories', 'NST', 1),
(1464, 94, 'Tai Po New Territories', 'NTP', 1),
(1465, 94, 'Tsuen Wan New Territories', 'NTW', 1),
(1466, 94, 'Tuen Mun New Territories', 'NTM', 1),
(1467, 94, 'Yuen Long New Territories', 'NYL', 1),
(1468, 95, 'Flat Island', 'F', 1),
(1469, 95, 'McDonald Island', 'M', 1),
(1470, 95, 'Shag Island', 'S', 1),
(1471, 95, 'Heard Island', 'H', 1),
(1472, 96, 'Atlantida', 'AT', 1),
(1473, 96, 'Choluteca', 'CH', 1),
(1474, 96, 'Colon', 'CL', 1),
(1475, 96, 'Comayagua', 'CM', 1),
(1476, 96, 'Copan', 'CP', 1),
(1477, 96, 'Cortes', 'CR', 1),
(1478, 96, 'El Paraiso', 'PA', 1),
(1479, 96, 'Francisco Morazan', 'FM', 1),
(1480, 96, 'Gracias a Dios', 'GD', 1),
(1481, 96, 'Intibuca', 'IN', 1),
(1482, 96, 'Islas de la Bahia (Bay Islands)', 'IB', 1),
(1483, 96, 'La Paz', 'PZ', 1),
(1484, 96, 'Lempira', 'LE', 1),
(1485, 96, 'Ocotepeque', 'OC', 1),
(1486, 96, 'Olancho', 'OL', 1),
(1487, 96, 'Santa Barbara', 'SB', 1),
(1488, 96, 'Valle', 'VA', 1),
(1489, 96, 'Yoro', 'YO', 1),
(1490, 97, 'Bjelovar-Bilogora', 'BB', 1),
(1491, 97, 'City of Zagreb', 'CZ', 1),
(1492, 97, 'Dubrovnik-Neretva', 'DN', 1),
(1493, 97, 'Istra', 'IS', 1),
(1494, 97, 'Karlovac', 'KA', 1),
(1495, 97, 'Koprivnica-Krizevci', 'KK', 1),
(1496, 97, 'Krapina-Zagorje', 'KZ', 1),
(1497, 97, 'Lika-Senj', 'LS', 1),
(1498, 97, 'Medimurje', 'ME', 1),
(1499, 97, 'Osijek-Baranja', 'OB', 1),
(1500, 97, 'Pozega-Slavonia', 'PS', 1),
(1501, 97, 'Primorje-Gorski Kotar', 'PG', 1),
(1502, 97, 'Sibenik', 'SI', 1),
(1503, 97, 'Sisak-Moslavina', 'SM', 1),
(1504, 97, 'Slavonski Brod-Posavina', 'SB', 1),
(1505, 97, 'Split-Dalmatia', 'SD', 1),
(1506, 97, 'Varazdin', 'VA', 1),
(1507, 97, 'Virovitica-Podravina', 'VP', 1),
(1508, 97, 'Vukovar-Srijem', 'VS', 1),
(1509, 97, 'Zadar-Knin', 'ZK', 1),
(1510, 97, 'Zagreb', 'ZA', 1),
(1511, 98, 'Artibonite', 'AR', 1),
(1512, 98, 'Centre', 'CE', 1),
(1513, 98, 'Grand''Anse', 'GA', 1),
(1514, 98, 'Nord', 'ND', 1),
(1515, 98, 'Nord-Est', 'NE', 1),
(1516, 98, 'Nord-Ouest', 'NO', 1),
(1517, 98, 'Ouest', 'OU', 1),
(1518, 98, 'Sud', 'SD', 1),
(1519, 98, 'Sud-Est', 'SE', 1),
(1520, 99, 'Bacs-Kiskun', 'BK', 1),
(1521, 99, 'Baranya', 'BA', 1),
(1522, 99, 'Bekes', 'BE', 1),
(1523, 99, 'Bekescsaba', 'BS', 1),
(1524, 99, 'Borsod-Abauj-Zemplen', 'BZ', 1),
(1525, 99, 'Budapest', 'BU', 1),
(1526, 99, 'Csongrad', 'CS', 1),
(1527, 99, 'Debrecen', 'DE', 1),
(1528, 99, 'Dunaujvaros', 'DU', 1),
(1529, 99, 'Eger', 'EG', 1),
(1530, 99, 'Fejer', 'FE', 1),
(1531, 99, 'Gyor', 'GY', 1),
(1532, 99, 'Gyor-Moson-Sopron', 'GM', 1);
INSERT INTO `loc_state_options` (`state_id`, `country_id`, `name`, `code`, `status`) VALUES
(1533, 99, 'Hajdu-Bihar', 'HB', 1),
(1534, 99, 'Heves', 'HE', 1),
(1535, 99, 'Hodmezovasarhely', 'HO', 1),
(1536, 99, 'Jasz-Nagykun-Szolnok', 'JN', 1),
(1537, 99, 'Kaposvar', 'KA', 1),
(1538, 99, 'Kecskemet', 'KE', 1),
(1539, 99, 'Komarom-Esztergom', 'KO', 1),
(1540, 99, 'Miskolc', 'MI', 1),
(1541, 99, 'Nagykanizsa', 'NA', 1),
(1542, 99, 'Nograd', 'NO', 1),
(1543, 99, 'Nyiregyhaza', 'NY', 1),
(1544, 99, 'Pecs', 'PE', 1),
(1545, 99, 'Pest', 'PS', 1),
(1546, 99, 'Somogy', 'SO', 1),
(1547, 99, 'Sopron', 'SP', 1),
(1548, 99, 'Szabolcs-Szatmar-Bereg', 'SS', 1),
(1549, 99, 'Szeged', 'SZ', 1),
(1550, 99, 'Szekesfehervar', 'SE', 1),
(1551, 99, 'Szolnok', 'SL', 1),
(1552, 99, 'Szombathely', 'SM', 1),
(1553, 99, 'Tatabanya', 'TA', 1),
(1554, 99, 'Tolna', 'TO', 1),
(1555, 99, 'Vas', 'VA', 1),
(1556, 99, 'Veszprem', 'VE', 1),
(1557, 99, 'Zala', 'ZA', 1),
(1558, 99, 'Zalaegerszeg', 'ZZ', 1),
(1559, 100, 'Aceh', 'AC', 1),
(1560, 100, 'Bali', 'BA', 1),
(1561, 100, 'Banten', 'BT', 1),
(1562, 100, 'Bengkulu', 'BE', 1),
(1563, 100, 'BoDeTaBek', 'BD', 1),
(1564, 100, 'Gorontalo', 'GO', 1),
(1565, 100, 'Jakarta Raya', 'JK', 1),
(1566, 100, 'Jambi', 'JA', 1),
(1567, 100, 'Jawa Barat', 'JB', 1),
(1568, 100, 'Jawa Tengah', 'JT', 1),
(1569, 100, 'Jawa Timur', 'JI', 1),
(1570, 100, 'Kalimantan Barat', 'KB', 1),
(1571, 100, 'Kalimantan Selatan', 'KS', 1),
(1572, 100, 'Kalimantan Tengah', 'KT', 1),
(1573, 100, 'Kalimantan Timur', 'KI', 1),
(1574, 100, 'Kepulauan Bangka Belitung', 'BB', 1),
(1575, 100, 'Lampung', 'LA', 1),
(1576, 100, 'Maluku', 'MA', 1),
(1577, 100, 'Maluku Utara', 'MU', 1),
(1578, 100, 'Nusa Tenggara Barat', 'NB', 1),
(1579, 100, 'Nusa Tenggara Timur', 'NT', 1),
(1580, 100, 'Papua', 'PA', 1),
(1581, 100, 'Riau', 'RI', 1),
(1582, 100, 'Sulawesi Selatan', 'SN', 1),
(1583, 100, 'Sulawesi Tengah', 'ST', 1),
(1584, 100, 'Sulawesi Tenggara', 'SG', 1),
(1585, 100, 'Sulawesi Utara', 'SA', 1),
(1586, 100, 'Sumatera Barat', 'SB', 1),
(1587, 100, 'Sumatera Selatan', 'SS', 1),
(1588, 100, 'Sumatera Utara', 'SU', 1),
(1589, 100, 'Yogyakarta', 'YO', 1),
(1590, 101, 'Carlow', 'CA', 1),
(1591, 101, 'Cavan', 'CV', 1),
(1592, 101, 'Clare', 'CL', 1),
(1593, 101, 'Cork', 'CO', 1),
(1594, 101, 'Donegal', 'DO', 1),
(1595, 101, 'Dublin', 'DU', 1),
(1596, 101, 'Galway', 'GA', 1),
(1597, 101, 'Kerry', 'KE', 1),
(1598, 101, 'Kildare', 'KI', 1),
(1599, 101, 'Kilkenny', 'KL', 1),
(1600, 101, 'Laois', 'LA', 1),
(1601, 101, 'Leitrim', 'LE', 1),
(1602, 101, 'Limerick', 'LI', 1),
(1603, 101, 'Longford', 'LO', 1),
(1604, 101, 'Louth', 'LU', 1),
(1605, 101, 'Mayo', 'MA', 1),
(1606, 101, 'Meath', 'ME', 1),
(1607, 101, 'Monaghan', 'MO', 1),
(1608, 101, 'Offaly', 'OF', 1),
(1609, 101, 'Roscommon', 'RO', 1),
(1610, 101, 'Sligo', 'SL', 1),
(1611, 101, 'Tipperary', 'TI', 1),
(1612, 101, 'Waterford', 'WA', 1),
(1613, 101, 'Westmeath', 'WE', 1),
(1614, 101, 'Wexford', 'WX', 1),
(1615, 101, 'Wicklow', 'WI', 1),
(1616, 102, 'Be''er Sheva', 'BS', 1),
(1617, 102, 'Bika''at Hayarden', 'BH', 1),
(1618, 102, 'Eilat and Arava', 'EA', 1),
(1619, 102, 'Galil', 'GA', 1),
(1620, 102, 'Haifa', 'HA', 1),
(1621, 102, 'Jehuda Mountains', 'JM', 1),
(1622, 102, 'Jerusalem', 'JE', 1),
(1623, 102, 'Negev', 'NE', 1),
(1624, 102, 'Semaria', 'SE', 1),
(1625, 102, 'Sharon', 'SH', 1),
(1626, 102, 'Tel Aviv (Gosh Dan)', 'TA', 1),
(1627, 104, 'Andaman and Nicobar Islands', 'AN', 1),
(1628, 104, 'Andhra Pradesh', 'AP', 1),
(1629, 104, 'Arunachal Pradesh', 'AR', 1),
(1630, 104, 'Assam', 'AS', 1),
(1631, 104, 'Bihar', 'BI', 1),
(1632, 104, 'Chandigarh', 'CH', 1),
(1633, 104, 'Dadra and Nagar Haveli', 'DA', 1),
(1634, 104, 'Daman and Diu', 'DM', 1),
(1635, 104, 'Delhi', 'DE', 1),
(1636, 104, 'Goa', 'GO', 1),
(1637, 104, 'Gujarat', 'GU', 1),
(1638, 104, 'Haryana', 'HA', 1),
(1639, 104, 'Himachal Pradesh', 'HP', 1),
(1640, 104, 'Jammu and Kashmir', 'JA', 1),
(1641, 104, 'Karnataka', 'KA', 1),
(1642, 104, 'Kerala', 'KE', 1),
(1643, 104, 'Lakshadweep Islands', 'LI', 1),
(1644, 104, 'Madhya Pradesh', 'MP', 1),
(1645, 104, 'Maharashtra', 'MA', 1),
(1646, 104, 'Manipur', 'MN', 1),
(1647, 104, 'Meghalaya', 'ME', 1),
(1648, 104, 'Mizoram', 'MI', 1),
(1649, 104, 'Nagaland', 'NA', 1),
(1650, 104, 'Orissa', 'OR', 1),
(1651, 104, 'Pondicherry', 'PO', 1),
(1652, 104, 'Punjab', 'PU', 1),
(1653, 104, 'Rajasthan', 'RA', 1),
(1654, 104, 'Sikkim', 'SI', 1),
(1655, 104, 'Tamil Nadu', 'TN', 1),
(1656, 104, 'Tripura', 'TR', 1),
(1657, 104, 'Uttar Pradesh', 'UP', 1),
(1658, 104, 'West Bengal', 'WB', 1),
(1659, 105, 'Peros Banhos', 'PB', 1),
(1660, 105, 'Salomon Islands', 'SI', 1),
(1661, 105, 'Nelsons Island', 'NI', 1),
(1662, 105, 'Three Brothers', 'TB', 1),
(1663, 105, 'Eagle Islands', 'EA', 1),
(1664, 105, 'Danger Island', 'DI', 1),
(1665, 105, 'Egmont Islands', 'EG', 1),
(1666, 105, 'Diego Garcia', 'DG', 1),
(1667, 106, 'Baghdad', 'BD', 1),
(1668, 106, 'Salah ad Din', 'SD', 1),
(1669, 106, 'Diyala', 'DY', 1),
(1670, 106, 'Wasit', 'WS', 1),
(1671, 106, 'Maysan', 'MY', 1),
(1672, 106, 'Al Basrah', 'BA', 1),
(1673, 106, 'Dhi Qar', 'DQ', 1),
(1674, 106, 'Al Muthanna', 'MU', 1),
(1675, 106, 'Al Qadisyah', 'QA', 1),
(1676, 106, 'Babil', 'BB', 1),
(1677, 106, 'Al Karbala', 'KB', 1),
(1678, 106, 'An Najaf', 'NJ', 1),
(1679, 106, 'Al Anbar', 'AB', 1),
(1680, 106, 'Ninawa', 'NN', 1),
(1681, 106, 'Dahuk', 'DH', 1),
(1682, 106, 'Arbil', 'AL', 1),
(1683, 106, 'At Ta''mim', 'TM', 1),
(1684, 106, 'As Sulaymaniyah', 'SL', 1),
(1685, 107, 'Tehran', 'TEH', 1),
(1686, 107, 'Qom', 'QOM', 1),
(1687, 107, 'Markazi', 'MKZ', 1),
(1688, 107, 'Qazvin', 'QAZ', 1),
(1689, 107, 'Gilan', 'GIL', 1),
(1690, 107, 'Ardabil', 'ARD', 1),
(1691, 107, 'Zanjan', 'ZAN', 1),
(1692, 107, 'East Azarbaijan', 'EAZ', 1),
(1693, 107, 'West Azarbaijan', 'WEZ', 1),
(1694, 107, 'Kurdistan', 'KRD', 1),
(1695, 107, 'Hamadan', 'HMD', 1),
(1696, 107, 'Kermanshah', 'KRM', 1),
(1697, 107, 'Ilam', 'ILM', 1),
(1698, 107, 'Lorestan', 'LRS', 1),
(1699, 107, 'Khuzestan', 'KZT', 1),
(1700, 107, 'Chahar Mahaal and Bakhtiari', 'CMB', 1),
(1701, 107, 'Kohkiluyeh and Buyer Ahmad', 'KBA', 1),
(1702, 107, 'Bushehr', 'BSH', 1),
(1703, 107, 'Fars', 'FAR', 1),
(1704, 107, 'Hormozgan', 'HRM', 1),
(1705, 107, 'Sistan and Baluchistan', 'SBL', 1),
(1706, 107, 'Kerman', 'KRB', 1),
(1707, 107, 'Yazd', 'YZD', 1),
(1708, 107, 'Esfahan', 'EFH', 1),
(1709, 107, 'Semnan', 'SMN', 1),
(1710, 107, 'Mazandaran', 'MZD', 1),
(1711, 107, 'Golestan', 'GLS', 1),
(1712, 107, 'North Khorasan', 'NKH', 1),
(1713, 107, 'Razavi Khorasan', 'RKH', 1),
(1714, 107, 'South Khorasan', 'SKH', 1),
(1715, 107, 'Alborz', 'ALB', 1),
(1716, 108, 'Austurland', 'AL', 1),
(1717, 108, 'Hofuoborgarsvaeoi', 'HF', 1),
(1718, 108, 'Norourland eystra', 'NE', 1),
(1719, 108, 'Norourland vestra', 'NV', 1),
(1720, 108, 'Suourland', 'SL', 1),
(1721, 108, 'Suournes', 'SN', 1),
(1722, 108, 'Vestfiroir', 'VF', 1),
(1723, 108, 'Vesturland', 'VL', 1),
(1724, 109, 'Caltanissetta', 'CL', 1),
(1725, 109, 'Agrigento', 'AG', 1),
(1726, 109, 'Alessandria', 'AL', 1),
(1727, 109, 'Ancona', 'AN', 1),
(1728, 109, 'Aosta', 'AO', 1),
(1729, 109, 'Arezzo', 'AR', 1),
(1730, 109, 'Ascoli Piceno', 'AP', 1),
(1731, 109, 'Asti', 'AT', 1),
(1732, 109, 'Avellino', 'AV', 1),
(1733, 109, 'Bari', 'BA', 1),
(1734, 109, 'Belluno', 'BL', 1),
(1735, 109, 'Benevento', 'BN', 1),
(1736, 109, 'Bergamo', 'BG', 1),
(1737, 109, 'Biella', 'BI', 1),
(1738, 109, 'Bologna', 'BO', 1),
(1739, 109, 'Bolzano', 'BZ', 1),
(1740, 109, 'Brescia', 'BS', 1),
(1741, 109, 'Brindisi', 'BR', 1),
(1742, 109, 'Cagliari', 'CA', 1),
(1743, 109, 'Campobasso', 'CB', 1),
(1744, 109, 'Carbonia-Iglesias', 'CI', 1),
(1745, 109, 'Caserta', 'CE', 1),
(1746, 109, 'Catania', 'CT', 1),
(1747, 109, 'Catanzaro', 'CZ', 1),
(1748, 109, 'Chieti', 'CH', 1),
(1749, 109, 'Como', 'CO', 1),
(1750, 109, 'Cosenza', 'CS', 1),
(1751, 109, 'Cremona', 'CR', 1),
(1752, 109, 'Crotone', 'KR', 1),
(1753, 109, 'Cuneo', 'CN', 1),
(1754, 109, 'Enna', 'EN', 1),
(1755, 109, 'Ferrara', 'FE', 1),
(1756, 109, 'Firenze', 'FI', 1),
(1757, 109, 'Foggia', 'FG', 1),
(1758, 109, 'Forli-Cesena', 'FC', 1),
(1759, 109, 'Frosinone', 'FR', 1),
(1760, 109, 'Genova', 'GE', 1),
(1761, 109, 'Gorizia', 'GO', 1),
(1762, 109, 'Grosseto', 'GR', 1),
(1763, 109, 'Imperia', 'IM', 1),
(1764, 109, 'Isernia', 'IS', 1),
(1765, 109, 'L&#39;Aquila', 'AQ', 1),
(1766, 109, 'La Spezia', 'SP', 1),
(1767, 109, 'Latina', 'LT', 1),
(1768, 109, 'Lecce', 'LE', 1),
(1769, 109, 'Lecco', 'LC', 1),
(1770, 109, 'Livorno', 'LI', 1),
(1771, 109, 'Lodi', 'LO', 1),
(1772, 109, 'Lucca', 'LU', 1),
(1773, 109, 'Macerata', 'MC', 1),
(1774, 109, 'Mantova', 'MN', 1),
(1775, 109, 'Massa-Carrara', 'MS', 1),
(1776, 109, 'Matera', 'MT', 1),
(1777, 109, 'Medio Campidano', 'VS', 1),
(1778, 109, 'Messina', 'ME', 1),
(1779, 109, 'Milano', 'MI', 1),
(1780, 109, 'Modena', 'MO', 1),
(1781, 109, 'Napoli', 'NA', 1),
(1782, 109, 'Novara', 'NO', 1),
(1783, 109, 'Nuoro', 'NU', 1),
(1784, 109, 'Ogliastra', 'OG', 1),
(1785, 109, 'Olbia-Tempio', 'OT', 1),
(1786, 109, 'Oristano', 'OR', 1),
(1787, 109, 'Padova', 'PD', 1),
(1788, 109, 'Palermo', 'PA', 1),
(1789, 109, 'Parma', 'PR', 1),
(1790, 109, 'Pavia', 'PV', 1),
(1791, 109, 'Perugia', 'PG', 1),
(1792, 109, 'Pesaro e Urbino', 'PU', 1),
(1793, 109, 'Pescara', 'PE', 1),
(1794, 109, 'Piacenza', 'PC', 1),
(1795, 109, 'Pisa', 'PI', 1),
(1796, 109, 'Pistoia', 'PT', 1),
(1797, 109, 'Pordenone', 'PN', 1),
(1798, 109, 'Potenza', 'PZ', 1),
(1799, 109, 'Prato', 'PO', 1),
(1800, 109, 'Ragusa', 'RG', 1),
(1801, 109, 'Ravenna', 'RA', 1),
(1802, 109, 'Reggio Calabria', 'RC', 1),
(1803, 109, 'Reggio Emilia', 'RE', 1),
(1804, 109, 'Rieti', 'RI', 1),
(1805, 109, 'Rimini', 'RN', 1),
(1806, 109, 'Roma', 'RM', 1),
(1807, 109, 'Rovigo', 'RO', 1),
(1808, 109, 'Salerno', 'SA', 1),
(1809, 109, 'Sassari', 'SS', 1),
(1810, 109, 'Savona', 'SV', 1),
(1811, 109, 'Siena', 'SI', 1),
(1812, 109, 'Siracusa', 'SR', 1),
(1813, 109, 'Sondrio', 'SO', 1),
(1814, 109, 'Taranto', 'TA', 1),
(1815, 109, 'Teramo', 'TE', 1),
(1816, 109, 'Terni', 'TR', 1),
(1817, 109, 'Torino', 'TO', 1),
(1818, 109, 'Trapani', 'TP', 1),
(1819, 109, 'Trento', 'TN', 1),
(1820, 109, 'Treviso', 'TV', 1),
(1821, 109, 'Trieste', 'TS', 1),
(1822, 109, 'Udine', 'UD', 1),
(1823, 109, 'Varese', 'VA', 1),
(1824, 109, 'Venezia', 'VE', 1),
(1825, 109, 'Verbano-Cusio-Ossola', 'VB', 1),
(1826, 109, 'Vercelli', 'VC', 1),
(1827, 109, 'Verona', 'VR', 1),
(1828, 109, 'Vibo Valentia', 'VV', 1),
(1829, 109, 'Vicenza', 'VI', 1),
(1830, 109, 'Viterbo', 'VT', 1),
(1831, 111, 'Clarendon Parish', 'CLA', 1),
(1832, 111, 'Hanover Parish', 'HAN', 1),
(1833, 111, 'Kingston Parish', 'KIN', 1),
(1834, 111, 'Manchester Parish', 'MAN', 1),
(1835, 111, 'Portland Parish', 'POR', 1),
(1836, 111, 'Saint Andrew Parish', 'AND', 1),
(1837, 111, 'Saint Ann Parish', 'ANN', 1),
(1838, 111, 'Saint Catherine Parish', 'CAT', 1),
(1839, 111, 'Saint Elizabeth Parish', 'ELI', 1),
(1840, 111, 'Saint James Parish', 'JAM', 1),
(1841, 111, 'Saint Mary Parish', 'MAR', 1),
(1842, 111, 'Saint Thomas Parish', 'THO', 1),
(1843, 111, 'Trelawny Parish', 'TRL', 1),
(1844, 111, 'Westmoreland Parish', 'WML', 1),
(1845, 112, '''Amman', 'AM', 1),
(1846, 112, 'Ajlun', 'AJ', 1),
(1847, 112, 'Al ''Aqabah', 'AA', 1),
(1848, 112, 'Al Balqa''', 'AB', 1),
(1849, 112, 'Al Karak', 'AK', 1),
(1850, 112, 'Al Mafraq', 'AL', 1),
(1851, 112, 'At Tafilah', 'AT', 1),
(1852, 112, 'Az Zarqa''', 'AZ', 1),
(1853, 112, 'Irbid', 'IR', 1),
(1854, 112, 'Jarash', 'JA', 1),
(1855, 112, 'Ma''an', 'MA', 1),
(1856, 112, 'Madaba', 'MD', 1),
(1857, 113, 'Aichi', 'AI', 1),
(1858, 113, 'Akita', 'AK', 1),
(1859, 113, 'Aomori', 'AO', 1),
(1860, 113, 'Chiba', 'CH', 1),
(1861, 113, 'Ehime', 'EH', 1),
(1862, 113, 'Fukui', 'FK', 1),
(1863, 113, 'Fukuoka', 'FU', 1),
(1864, 113, 'Fukushima', 'FS', 1),
(1865, 113, 'Gifu', 'GI', 1),
(1866, 113, 'Gumma', 'GU', 1),
(1867, 113, 'Hiroshima', 'HI', 1),
(1868, 113, 'Hokkaido', 'HO', 1),
(1869, 113, 'Hyogo', 'HY', 1),
(1870, 113, 'Ibaraki', 'IB', 1),
(1871, 113, 'Ishikawa', 'IS', 1),
(1872, 113, 'Iwate', 'IW', 1),
(1873, 113, 'Kagawa', 'KA', 1),
(1874, 113, 'Kagoshima', 'KG', 1),
(1875, 113, 'Kanagawa', 'KN', 1),
(1876, 113, 'Kochi', 'KO', 1),
(1877, 113, 'Kumamoto', 'KU', 1),
(1878, 113, 'Kyoto', 'KY', 1),
(1879, 113, 'Mie', 'MI', 1),
(1880, 113, 'Miyagi', 'MY', 1),
(1881, 113, 'Miyazaki', 'MZ', 1),
(1882, 113, 'Nagano', 'NA', 1),
(1883, 113, 'Nagasaki', 'NG', 1),
(1884, 113, 'Nara', 'NR', 1),
(1885, 113, 'Niigata', 'NI', 1),
(1886, 113, 'Oita', 'OI', 1),
(1887, 113, 'Okayama', 'OK', 1),
(1888, 113, 'Okinawa', 'ON', 1),
(1889, 113, 'Osaka', 'OS', 1),
(1890, 113, 'Saga', 'SA', 1),
(1891, 113, 'Saitama', 'SI', 1),
(1892, 113, 'Shiga', 'SH', 1),
(1893, 113, 'Shimane', 'SM', 1),
(1894, 113, 'Shizuoka', 'SZ', 1),
(1895, 113, 'Tochigi', 'TO', 1),
(1896, 113, 'Tokushima', 'TS', 1),
(1897, 113, 'Tokyo', 'TK', 1),
(1898, 113, 'Tottori', 'TT', 1),
(1899, 113, 'Toyama', 'TY', 1),
(1900, 113, 'Wakayama', 'WA', 1),
(1901, 113, 'Yamagata', 'YA', 1),
(1902, 113, 'Yamaguchi', 'YM', 1),
(1903, 113, 'Yamanashi', 'YN', 1),
(1904, 114, 'Central', 'CE', 1),
(1905, 114, 'Coast', 'CO', 1),
(1906, 114, 'Eastern', 'EA', 1),
(1907, 114, 'Nairobi Area', 'NA', 1),
(1908, 114, 'North Eastern', 'NE', 1),
(1909, 114, 'Nyanza', 'NY', 1),
(1910, 114, 'Rift Valley', 'RV', 1),
(1911, 114, 'Western', 'WE', 1),
(1912, 115, 'Bishkek', 'GB', 1),
(1913, 115, 'Batken', 'B', 1),
(1914, 115, 'Chu', 'C', 1),
(1915, 115, 'Jalal-Abad', 'J', 1),
(1916, 115, 'Naryn', 'N', 1),
(1917, 115, 'Osh', 'O', 1),
(1918, 115, 'Talas', 'T', 1),
(1919, 115, 'Ysyk-Kol', 'Y', 1),
(1920, 116, 'Phnom Penh', 'PP', 1),
(1921, 116, 'Preah Seihanu (Kompong Som or Sihanoukville)', 'PS', 1),
(1922, 116, 'Pailin', 'PA', 1),
(1923, 116, 'Keb', 'KB', 1),
(1924, 116, 'Banteay Meanchey', 'BM', 1),
(1925, 116, 'Battambang', 'BA', 1),
(1926, 116, 'Kampong Cham', 'KM', 1),
(1927, 116, 'Kampong Chhnang', 'KN', 1),
(1928, 116, 'Kampong Speu', 'KU', 1),
(1929, 116, 'Kampong Som', 'KO', 1),
(1930, 116, 'Kampong Thom', 'KT', 1),
(1931, 116, 'Kampot', 'KP', 1),
(1932, 116, 'Kandal', 'KL', 1),
(1933, 116, 'Kaoh Kong', 'KK', 1),
(1934, 116, 'Kratie', 'KR', 1),
(1935, 116, 'Mondul Kiri', 'MK', 1),
(1936, 116, 'Oddar Meancheay', 'OM', 1),
(1937, 116, 'Pursat', 'PU', 1),
(1938, 116, 'Preah Vihear', 'PR', 1),
(1939, 116, 'Prey Veng', 'PG', 1),
(1940, 116, 'Ratanak Kiri', 'RK', 1),
(1941, 116, 'Siemreap', 'SI', 1),
(1942, 116, 'Stung Treng', 'ST', 1),
(1943, 116, 'Svay Rieng', 'SR', 1),
(1944, 116, 'Takeo', 'TK', 1),
(1945, 117, 'Abaiang', 'AG', 1),
(1946, 117, 'Abemama', 'AM', 1),
(1947, 117, 'Aranuka', 'AK', 1),
(1948, 117, 'Arorae', 'AO', 1),
(1949, 117, 'Banaba', 'BA', 1),
(1950, 117, 'Beru', 'BE', 1),
(1951, 117, 'Butaritari', 'bT', 1),
(1952, 117, 'Kanton', 'KA', 1),
(1953, 117, 'Kiritimati', 'KR', 1),
(1954, 117, 'Kuria', 'KU', 1),
(1955, 117, 'Maiana', 'MI', 1),
(1956, 117, 'Makin', 'MN', 1),
(1957, 117, 'Marakei', 'ME', 1),
(1958, 117, 'Nikunau', 'NI', 1),
(1959, 117, 'Nonouti', 'NO', 1),
(1960, 117, 'Onotoa', 'ON', 1),
(1961, 117, 'Tabiteuea', 'TT', 1),
(1962, 117, 'Tabuaeran', 'TR', 1),
(1963, 117, 'Tamana', 'TM', 1),
(1964, 117, 'Tarawa', 'TW', 1),
(1965, 117, 'Teraina', 'TE', 1),
(1966, 118, 'Grande Comore', 'G', 1),
(1967, 118, 'Anjouan', 'A', 1),
(1968, 118, 'Moheli', 'M', 1),
(1969, 119, 'Christ Church Nichola Town', 'CCN', 1),
(1970, 119, 'Saint Anne Sandy Point', 'SAS', 1),
(1971, 119, 'Saint George Basseterre', 'SGB', 1),
(1972, 119, 'Saint George Gingerland', 'SGG', 1),
(1973, 119, 'Saint James Windward', 'SJW', 1),
(1974, 119, 'Saint John Capesterre', 'SJC', 1),
(1975, 119, 'Saint John Figtree', 'SJF', 1),
(1976, 119, 'Saint Mary Cayon', 'SMC', 1),
(1977, 119, 'Saint Paul Capesterre', 'CAP', 1),
(1978, 119, 'Saint Paul Charlestown', 'CHA', 1),
(1979, 119, 'Saint Peter Basseterre', 'SPB', 1),
(1980, 119, 'Saint Thomas Lowland', 'STL', 1),
(1981, 119, 'Saint Thomas Middle Island', 'STM', 1),
(1982, 119, 'Trinity Palmetto Point', 'TPP', 1),
(1983, 120, 'Chagang-do', 'CHA', 1),
(1984, 120, 'Hamgyong-bukto', 'HAB', 1),
(1985, 120, 'Hamgyong-namdo', 'HAN', 1),
(1986, 120, 'Hwanghae-bukto', 'HWB', 1),
(1987, 120, 'Hwanghae-namdo', 'HWN', 1),
(1988, 120, 'Kangwon-do', 'KAN', 1),
(1989, 120, 'P''yongan-bukto', 'PYB', 1),
(1990, 120, 'P''yongan-namdo', 'PYN', 1),
(1991, 120, 'Ryanggang-do (Yanggang-do)', 'YAN', 1),
(1992, 120, 'Rason Directly Governed City', 'NAJ', 1),
(1993, 120, 'P''yongyang Special City', 'PYO', 1),
(1994, 121, 'Ch''ungch''ong-bukto', 'CO', 1),
(1995, 121, 'Ch''ungch''ong-namdo', 'CH', 1),
(1996, 121, 'Cheju-do', 'CD', 1),
(1997, 121, 'Cholla-bukto', 'CB', 1),
(1998, 121, 'Cholla-namdo', 'CN', 1),
(1999, 121, 'Inch''on-gwangyoksi', 'IG', 1),
(2000, 121, 'Kangwon-do', 'KA', 1),
(2001, 121, 'Kwangju-gwangyoksi', 'KG', 1),
(2002, 121, 'Kyonggi-do', 'KD', 1),
(2003, 121, 'Kyongsang-bukto', 'KB', 1),
(2004, 121, 'Kyongsang-namdo', 'KN', 1),
(2005, 121, 'Pusan-gwangyoksi', 'PG', 1),
(2006, 121, 'Soul-t''ukpyolsi', 'SO', 1),
(2007, 121, 'Taegu-gwangyoksi', 'TA', 1),
(2008, 121, 'Taejon-gwangyoksi', 'TG', 1),
(2009, 122, 'Al ''Asimah', 'AL', 1),
(2010, 122, 'Al Ahmadi', 'AA', 1),
(2011, 122, 'Al Farwaniyah', 'AF', 1),
(2012, 122, 'Al Jahra''', 'AJ', 1),
(2013, 122, 'Hawalli', 'HA', 1),
(2014, 123, 'Creek', 'CR', 1),
(2015, 123, 'Eastern', 'EA', 1),
(2016, 123, 'Midland', 'ML', 1),
(2017, 123, 'South Town', 'ST', 1),
(2018, 123, 'Spot Bay', 'SP', 1),
(2019, 123, 'Stake Bay', 'SK', 1),
(2020, 123, 'West End', 'WD', 1),
(2021, 123, 'Western', 'WN', 1),
(2022, 124, 'Almaty', 'AL', 1),
(2023, 124, 'Almaty City', 'AC', 1),
(2024, 124, 'Aqmola', 'AM', 1),
(2025, 124, 'Aqtobe', 'AQ', 1),
(2026, 124, 'Astana City', 'AS', 1),
(2027, 124, 'Atyrau', 'AT', 1),
(2028, 124, 'Batys Qazaqstan', 'BA', 1),
(2029, 124, 'Bayqongyr City', 'BY', 1),
(2030, 124, 'Mangghystau', 'MA', 1),
(2031, 124, 'Ongtustik Qazaqstan', 'ON', 1),
(2032, 124, 'Pavlodar', 'PA', 1),
(2033, 124, 'Qaraghandy', 'QA', 1),
(2034, 124, 'Qostanay', 'QO', 1),
(2035, 124, 'Qyzylorda', 'QY', 1),
(2036, 124, 'Shyghys Qazaqstan', 'SH', 1),
(2037, 124, 'Soltustik Qazaqstan', 'SO', 1),
(2038, 124, 'Zhambyl', 'ZH', 1),
(2039, 125, 'Vientiane', 'VT', 1),
(2040, 125, 'Attapu', 'AT', 1),
(2041, 125, 'Bokeo', 'BK', 1),
(2042, 125, 'Bolikhamxai', 'BL', 1),
(2043, 125, 'Champasak', 'CH', 1),
(2044, 125, 'Houaphan', 'HO', 1),
(2045, 125, 'Khammouan', 'KH', 1),
(2046, 125, 'Louang Namtha', 'LM', 1),
(2047, 125, 'Louangphabang', 'LP', 1),
(2048, 125, 'Oudomxai', 'OU', 1),
(2049, 125, 'Phongsali', 'PH', 1),
(2050, 125, 'Salavan', 'SL', 1),
(2051, 125, 'Savannakhet', 'SV', 1),
(2052, 125, 'Vientiane', 'VI', 1),
(2053, 125, 'Xaignabouli', 'XA', 1),
(2054, 125, 'Xekong', 'XE', 1),
(2055, 125, 'Xiangkhoang', 'XI', 1),
(2056, 125, 'Xaisomboun', 'XN', 1),
(2057, 126, 'Central', 'CE', 1),
(2058, 126, 'Eastern', 'EA', 1),
(2059, 126, 'North Central', 'NC', 1),
(2060, 126, 'Northern', 'NO', 1),
(2061, 126, 'North Western', 'NW', 1),
(2062, 126, 'Sabaragamuwa', 'SA', 1),
(2063, 126, 'Southern', 'SO', 1),
(2064, 126, 'Uva', 'UV', 1),
(2065, 126, 'Western', 'WE', 1),
(2066, 127, 'Anse-la-Raye', 'AR', 1),
(2067, 127, 'Castries', 'CA', 1),
(2068, 127, 'Choiseul', 'CH', 1),
(2069, 127, 'Dauphin', 'DA', 1),
(2070, 127, 'Dennery', 'DE', 1),
(2071, 127, 'Gros-Islet', 'GI', 1),
(2072, 127, 'Laborie', 'LA', 1),
(2073, 127, 'Micoud', 'MI', 1),
(2074, 127, 'Praslin', 'PR', 1),
(2075, 127, 'Soufriere', 'SO', 1),
(2076, 127, 'Vieux-Fort', 'VF', 1),
(2077, 128, 'Vaduz', 'V', 1),
(2078, 128, 'Schaan', 'A', 1),
(2079, 128, 'Balzers', 'B', 1),
(2080, 128, 'Triesen', 'N', 1),
(2081, 128, 'Eschen', 'E', 1),
(2082, 128, 'Mauren', 'M', 1),
(2083, 128, 'Triesenberg', 'T', 1),
(2084, 128, 'Ruggell', 'R', 1),
(2085, 128, 'Gamprin', 'G', 1),
(2086, 128, 'Schellenberg', 'L', 1),
(2087, 128, 'Planken', 'P', 1),
(2088, 130, 'Bomi', 'BI', 1),
(2089, 130, 'Bong', 'BG', 1),
(2090, 130, 'Grand Bassa', 'GB', 1),
(2091, 130, 'Grand Cape Mount', 'CM', 1),
(2092, 130, 'Grand Gedeh', 'GG', 1),
(2093, 130, 'Grand Kru', 'GK', 1),
(2094, 130, 'Lofa', 'LO', 1),
(2095, 130, 'Margibi', 'MG', 1),
(2096, 130, 'Maryland', 'ML', 1),
(2097, 130, 'Montserrado', 'MS', 1),
(2098, 130, 'Nimba', 'NB', 1),
(2099, 130, 'River Cess', 'RC', 1),
(2100, 130, 'Sinoe', 'SN', 1),
(2101, 131, 'Berea', 'BE', 1),
(2102, 131, 'Butha-Buthe', 'BB', 1),
(2103, 131, 'Leribe', 'LE', 1),
(2104, 131, 'Mafeteng', 'MF', 1),
(2105, 131, 'Maseru', 'MS', 1),
(2106, 131, 'Mohale''s Hoek', 'MH', 1),
(2107, 131, 'Mokhotlong', 'MK', 1),
(2108, 131, 'Qacha''s Nek', 'QN', 1),
(2109, 131, 'Quthing', 'QT', 1),
(2110, 131, 'Thaba-Tseka', 'TT', 1),
(2111, 132, 'Alytus', 'AL', 1),
(2112, 132, 'Kaunas', 'KA', 1),
(2113, 132, 'Klaipeda', 'KL', 1),
(2114, 132, 'Marijampole', 'MA', 1),
(2115, 132, 'Panevezys', 'PA', 1),
(2116, 132, 'Siauliai', 'SI', 1),
(2117, 132, 'Taurage', 'TA', 1),
(2118, 132, 'Telsiai', 'TE', 1),
(2119, 132, 'Utena', 'UT', 1),
(2120, 132, 'Vilnius', 'VI', 1),
(2121, 133, 'Diekirch', 'DD', 1),
(2122, 133, 'Clervaux', 'DC', 1),
(2123, 133, 'Redange', 'DR', 1),
(2124, 133, 'Vianden', 'DV', 1),
(2125, 133, 'Wiltz', 'DW', 1),
(2126, 133, 'Grevenmacher', 'GG', 1),
(2127, 133, 'Echternach', 'GE', 1),
(2128, 133, 'Remich', 'GR', 1),
(2129, 133, 'Luxembourg', 'LL', 1),
(2130, 133, 'Capellen', 'LC', 1),
(2131, 133, 'Esch-sur-Alzette', 'LE', 1),
(2132, 133, 'Mersch', 'LM', 1),
(2133, 134, 'Aizkraukles Rajons', 'AIZ', 1),
(2134, 134, 'Aluksnes Rajons', 'ALU', 1),
(2135, 134, 'Balvu Rajons', 'BAL', 1),
(2136, 134, 'Bauskas Rajons', 'BAU', 1),
(2137, 134, 'Cesu Rajons', 'CES', 1),
(2138, 134, 'Daugavpils Rajons', 'DGR', 1),
(2139, 134, 'Dobeles Rajons', 'DOB', 1),
(2140, 134, 'Gulbenes Rajons', 'GUL', 1),
(2141, 134, 'Jekabpils Rajons', 'JEK', 1),
(2142, 134, 'Jelgavas Rajons', 'JGR', 1),
(2143, 134, 'Kraslavas Rajons', 'KRA', 1),
(2144, 134, 'Kuldigas Rajons', 'KUL', 1),
(2145, 134, 'Liepajas Rajons', 'LPR', 1),
(2146, 134, 'Limbazu Rajons', 'LIM', 1),
(2147, 134, 'Ludzas Rajons', 'LUD', 1),
(2148, 134, 'Madonas Rajons', 'MAD', 1),
(2149, 134, 'Ogres Rajons', 'OGR', 1),
(2150, 134, 'Preilu Rajons', 'PRE', 1),
(2151, 134, 'Rezeknes Rajons', 'RZR', 1),
(2152, 134, 'Rigas Rajons', 'RGR', 1),
(2153, 134, 'Saldus Rajons', 'SAL', 1),
(2154, 134, 'Talsu Rajons', 'TAL', 1),
(2155, 134, 'Tukuma Rajons', 'TUK', 1),
(2156, 134, 'Valkas Rajons', 'VLK', 1),
(2157, 134, 'Valmieras Rajons', 'VLM', 1),
(2158, 134, 'Ventspils Rajons', 'VSR', 1),
(2159, 134, 'Daugavpils', 'DGV', 1),
(2160, 134, 'Jelgava', 'JGV', 1),
(2161, 134, 'Jurmala', 'JUR', 1),
(2162, 134, 'Liepaja', 'LPK', 1),
(2163, 134, 'Rezekne', 'RZK', 1),
(2164, 134, 'Riga', 'RGA', 1),
(2165, 134, 'Ventspils', 'VSL', 1),
(2166, 135, 'Ajdabiya', 'AJ', 1),
(2167, 135, 'Al ''Aziziyah', 'AZ', 1),
(2168, 135, 'Al Fatih', 'FA', 1),
(2169, 135, 'Al Jabal al Akhdar', 'JA', 1),
(2170, 135, 'Al Jufrah', 'JU', 1),
(2171, 135, 'Al Khums', 'KH', 1),
(2172, 135, 'Al Kufrah', 'KU', 1),
(2173, 135, 'An Nuqat al Khams', 'NK', 1),
(2174, 135, 'Ash Shati''', 'AS', 1),
(2175, 135, 'Awbari', 'AW', 1),
(2176, 135, 'Az Zawiyah', 'ZA', 1),
(2177, 135, 'Banghazi', 'BA', 1),
(2178, 135, 'Darnah', 'DA', 1),
(2179, 135, 'Ghadamis', 'GD', 1),
(2180, 135, 'Gharyan', 'GY', 1),
(2181, 135, 'Misratah', 'MI', 1),
(2182, 135, 'Murzuq', 'MZ', 1),
(2183, 135, 'Sabha', 'SB', 1),
(2184, 135, 'Sawfajjin', 'SW', 1),
(2185, 135, 'Surt', 'SU', 1),
(2186, 135, 'Tarabulus (Tripoli)', 'TL', 1),
(2187, 135, 'Tarhunah', 'TH', 1),
(2188, 135, 'Tubruq', 'TU', 1),
(2189, 135, 'Yafran', 'YA', 1),
(2190, 135, 'Zlitan', 'ZL', 1),
(2191, 136, 'Agadir', 'AGD', 1),
(2192, 136, 'Al Hoceima', 'HOC', 1),
(2193, 136, 'Azilal', 'AZI', 1),
(2194, 136, 'Beni Mellal', 'BME', 1),
(2195, 136, 'Ben Slimane', 'BSL', 1),
(2196, 136, 'Boulemane', 'BLM', 1),
(2197, 136, 'Casablanca', 'CBL', 1),
(2198, 136, 'Chaouen', 'CHA', 1),
(2199, 136, 'El Jadida', 'EJA', 1),
(2200, 136, 'El Kelaa des Sraghna', 'EKS', 1),
(2201, 136, 'Er Rachidia', 'ERA', 1),
(2202, 136, 'Essaouira', 'ESS', 1),
(2203, 136, 'Fes', 'FES', 1),
(2204, 136, 'Figuig', 'FIG', 1),
(2205, 136, 'Guelmim', 'GLM', 1),
(2206, 136, 'Ifrane', 'IFR', 1),
(2207, 136, 'Kenitra', 'KEN', 1),
(2208, 136, 'Khemisset', 'KHM', 1),
(2209, 136, 'Khenifra', 'KHN', 1),
(2210, 136, 'Khouribga', 'KHO', 1),
(2211, 136, 'Laayoune', 'LYN', 1),
(2212, 136, 'Larache', 'LAR', 1),
(2213, 136, 'Marrakech', 'MRK', 1),
(2214, 136, 'Meknes', 'MKN', 1),
(2215, 136, 'Nador', 'NAD', 1),
(2216, 136, 'Ouarzazate', 'ORZ', 1),
(2217, 136, 'Oujda', 'OUJ', 1),
(2218, 136, 'Rabat-Sale', 'RSA', 1),
(2219, 136, 'Safi', 'SAF', 1),
(2220, 136, 'Settat', 'SET', 1),
(2221, 136, 'Sidi Kacem', 'SKA', 1),
(2222, 136, 'Tangier', 'TGR', 1),
(2223, 136, 'Tan-Tan', 'TAN', 1),
(2224, 136, 'Taounate', 'TAO', 1),
(2225, 136, 'Taroudannt', 'TRD', 1),
(2226, 136, 'Tata', 'TAT', 1),
(2227, 136, 'Taza', 'TAZ', 1),
(2228, 136, 'Tetouan', 'TET', 1),
(2229, 136, 'Tiznit', 'TIZ', 1),
(2230, 136, 'Ad Dakhla', 'ADK', 1),
(2231, 136, 'Boujdour', 'BJD', 1),
(2232, 136, 'Es Smara', 'ESM', 1),
(2233, 137, 'Fontvieille', 'FV', 1),
(2234, 137, 'La Condamine', 'LC', 1),
(2235, 137, 'Monaco-Ville', 'MV', 1),
(2236, 137, 'Monte-Carlo', 'MC', 1),
(2237, 138, 'Gagauzia', 'GA', 1),
(2238, 138, 'Chisinau', 'CU', 1),
(2239, 138, 'Balti', 'BA', 1),
(2240, 138, 'Cahul', 'CA', 1),
(2241, 138, 'Edinet', 'ED', 1),
(2242, 138, 'Lapusna', 'LA', 1),
(2243, 138, 'Orhei', 'OR', 1),
(2244, 138, 'Soroca', 'SO', 1),
(2245, 138, 'Tighina', 'TI', 1),
(2246, 138, 'Ungheni', 'UN', 1),
(2247, 138, 'Stâ€šnga Nistrului', 'SN', 1),
(2248, 139, 'Andrijevica', '1', 1),
(2249, 139, 'Bar', '2', 1),
(2250, 139, 'Berane', '3', 1),
(2251, 139, 'Bijelo Polje', '4', 1),
(2252, 139, 'Budva', '5', 1),
(2253, 139, 'Cetinje', '6', 1),
(2254, 139, 'Danilovgrad', '7', 1),
(2255, 139, 'Herceg-Novi', '8', 1),
(2256, 139, 'KolaÅ¡in', '9', 1),
(2257, 139, 'Kotor', '10', 1),
(2258, 139, 'Mojkovac', '11', 1),
(2259, 139, 'NikÅ¡iÄ‡', '12', 1),
(2260, 139, 'Plav', '13', 1),
(2261, 139, 'Pljevlja', '14', 1),
(2262, 139, 'PluÅ¾ine', '15', 1),
(2263, 139, 'Podgorica', '16', 1),
(2264, 139, 'RoÅ¾aje', '17', 1),
(2265, 139, 'Å avnik', '18', 1),
(2266, 139, 'Tivat', '19', 1),
(2267, 139, 'Ulcinj', '20', 1),
(2268, 139, 'Å½abljak', '21', 1),
(2269, 141, 'Antananarivo', 'AN', 1),
(2270, 141, 'Antsiranana', 'AS', 1),
(2271, 141, 'Fianarantsoa', 'FN', 1),
(2272, 141, 'Mahajanga', 'MJ', 1),
(2273, 141, 'Toamasina', 'TM', 1),
(2274, 141, 'Toliara', 'TL', 1),
(2275, 142, 'Ailinginae', 'ALG', 1),
(2276, 142, 'Ailinglaplap', 'ALL', 1),
(2277, 142, 'Ailuk', 'ALK', 1),
(2278, 142, 'Arno', 'ARN', 1),
(2279, 142, 'Aur', 'AUR', 1),
(2280, 142, 'Bikar', 'BKR', 1),
(2281, 142, 'Bikini', 'BKN', 1),
(2282, 142, 'Bokak', 'BKK', 1),
(2283, 142, 'Ebon', 'EBN', 1),
(2284, 142, 'Enewetak', 'ENT', 1),
(2285, 142, 'Erikub', 'EKB', 1),
(2286, 142, 'Jabat', 'JBT', 1),
(2287, 142, 'Jaluit', 'JLT', 1),
(2288, 142, 'Jemo', 'JEM', 1),
(2289, 142, 'Kili', 'KIL', 1),
(2290, 142, 'Kwajalein', 'KWJ', 1),
(2291, 142, 'Lae', 'LAE', 1),
(2292, 142, 'Lib', 'LIB', 1),
(2293, 142, 'Likiep', 'LKP', 1),
(2294, 142, 'Majuro', 'MJR', 1),
(2295, 142, 'Maloelap', 'MLP', 1),
(2296, 142, 'Mejit', 'MJT', 1),
(2297, 142, 'Mili', 'MIL', 1),
(2298, 142, 'Namorik', 'NMK', 1),
(2299, 142, 'Namu', 'NAM', 1),
(2300, 142, 'Rongelap', 'RGL', 1),
(2301, 142, 'Rongrik', 'RGK', 1),
(2302, 142, 'Toke', 'TOK', 1),
(2303, 142, 'Ujae', 'UJA', 1),
(2304, 142, 'Ujelang', 'UJL', 1),
(2305, 142, 'Utirik', 'UTK', 1),
(2306, 142, 'Wotho', 'WTH', 1),
(2307, 142, 'Wotje', 'WTJ', 1),
(2308, 144, 'Gao', 'GA', 1),
(2309, 144, 'Kayes', 'KY', 1),
(2310, 144, 'Kidal', 'KD', 1),
(2311, 144, 'Koulikoro', 'KL', 1),
(2312, 144, 'Mopti', 'MP', 1),
(2313, 144, 'Segou', 'SG', 1),
(2314, 144, 'Sikasso', 'SK', 1),
(2315, 144, 'Tombouctou', 'TB', 1),
(2316, 144, 'Bamako Capital District', 'CD', 1),
(2317, 145, 'Ayeyarwady', 'AY', 1),
(2318, 145, 'Bago', 'BG', 1),
(2319, 145, 'Magway', 'MG', 1),
(2320, 145, 'Mandalay', 'MD', 1),
(2321, 145, 'Sagaing', 'SG', 1),
(2322, 145, 'Tanintharyi', 'TN', 1),
(2323, 145, 'Yangon', 'YG', 1),
(2324, 145, 'Chin State', 'CH', 1),
(2325, 145, 'Kachin State', 'KC', 1),
(2326, 145, 'Kayah State', 'KH', 1),
(2327, 145, 'Kayin State', 'KN', 1),
(2328, 145, 'Mon State', 'MN', 1),
(2329, 145, 'Rakhine State', 'RK', 1),
(2330, 145, 'Shan State', 'SH', 1),
(2331, 146, 'Ulanbaatar', '1', 1),
(2332, 146, 'Orhon', '35', 1),
(2333, 146, 'Darhan uul', '37', 1),
(2334, 146, 'Hentiy', '39', 1),
(2335, 146, 'Hovsgol', '41', 1),
(2336, 146, 'Hovd', '43', 1),
(2337, 146, 'Uvs', '46', 1),
(2338, 146, 'Tov', '47', 1),
(2339, 146, 'Selenge', '49', 1),
(2340, 146, 'Suhbaatar', '51', 1),
(2341, 146, 'Omnogovi', '53', 1),
(2342, 146, 'Ovorhangay', '55', 1),
(2343, 146, 'Dzavhan', '57', 1),
(2344, 146, 'DundgovL', '59', 1),
(2345, 146, 'Dornod', '61', 1),
(2346, 146, 'Dornogov', '63', 1),
(2347, 146, 'Govi-Sumber', '64', 1),
(2348, 146, 'Govi-Altay', '65', 1),
(2349, 146, 'Bulgan', '67', 1),
(2350, 146, 'Bayanhongor', '69', 1),
(2351, 146, 'Bayan-Olgiy', '71', 1),
(2352, 146, 'Arhangay', '73', 1),
(2353, 147, 'Our Lady Fatima Parish', 'OLF', 1),
(2354, 147, 'St. Anthony Parish', 'ANT', 1),
(2355, 147, 'St. Lazarus Parish', 'LAZ', 1),
(2356, 147, 'Cathedral Parish', 'CAT', 1),
(2357, 147, 'St. Lawrence Parish', 'LAW', 1),
(2358, 148, 'Northern Islands', 'N', 1),
(2359, 148, 'Rota', 'R', 1),
(2360, 148, 'Saipan', 'S', 1),
(2361, 148, 'Tinian', 'T', 1),
(2362, 150, 'Adrar', 'AD', 1),
(2363, 150, 'Assaba', 'AS', 1),
(2364, 150, 'Brakna', 'BR', 1),
(2365, 150, 'Dakhlet Nouadhibou', 'DN', 1),
(2366, 150, 'Gorgol', 'GO', 1),
(2367, 150, 'Guidimaka', 'GM', 1),
(2368, 150, 'Hodh Ech Chargui', 'HC', 1),
(2369, 150, 'Hodh El Gharbi', 'HG', 1),
(2370, 150, 'Inchiri', 'IN', 1),
(2371, 150, 'Tagant', 'TA', 1),
(2372, 150, 'Tiris Zemmour', 'TZ', 1),
(2373, 150, 'Trarza', 'TR', 1),
(2374, 150, 'Nouakchott', 'NO', 1),
(2375, 151, 'Saint Anthony', 'A', 1),
(2376, 151, 'Saint Georges', 'G', 1),
(2377, 151, 'Saint Peter', 'P', 1),
(2378, 152, 'Attard', 'ATT', 1),
(2379, 152, 'Balzan', 'BAL', 1),
(2380, 152, 'Birgu', 'BGU', 1),
(2381, 152, 'Birkirkara', 'BKK', 1),
(2382, 152, 'Birzebbuga', 'BRZ', 1),
(2383, 152, 'Bormla', 'BOR', 1),
(2384, 152, 'Dingli', 'DIN', 1),
(2385, 152, 'Fgura', 'FGU', 1),
(2386, 152, 'Floriana', 'FLO', 1),
(2387, 152, 'Gudja', 'GDJ', 1),
(2388, 152, 'Gzira', 'GZR', 1),
(2389, 152, 'Gargur', 'GRG', 1),
(2390, 152, 'Gaxaq', 'GXQ', 1),
(2391, 152, 'Hamrun', 'HMR', 1),
(2392, 152, 'Iklin', 'IKL', 1),
(2393, 152, 'Isla', 'ISL', 1),
(2394, 152, 'Kalkara', 'KLK', 1),
(2395, 152, 'Kirkop', 'KRK', 1),
(2396, 152, 'Lija', 'LIJ', 1),
(2397, 152, 'Luqa', 'LUQ', 1),
(2398, 152, 'Marsa', 'MRS', 1),
(2399, 152, 'Marsaskala', 'MKL', 1),
(2400, 152, 'Marsaxlokk', 'MXL', 1),
(2401, 152, 'Mdina', 'MDN', 1),
(2402, 152, 'Melliea', 'MEL', 1),
(2403, 152, 'Mgarr', 'MGR', 1),
(2404, 152, 'Mosta', 'MST', 1),
(2405, 152, 'Mqabba', 'MQA', 1),
(2406, 152, 'Msida', 'MSI', 1),
(2407, 152, 'Mtarfa', 'MTF', 1),
(2408, 152, 'Naxxar', 'NAX', 1),
(2409, 152, 'Paola', 'PAO', 1),
(2410, 152, 'Pembroke', 'PEM', 1),
(2411, 152, 'Pieta', 'PIE', 1),
(2412, 152, 'Qormi', 'QOR', 1),
(2413, 152, 'Qrendi', 'QRE', 1),
(2414, 152, 'Rabat', 'RAB', 1),
(2415, 152, 'Safi', 'SAF', 1),
(2416, 152, 'San Giljan', 'SGI', 1),
(2417, 152, 'Santa Lucija', 'SLU', 1),
(2418, 152, 'San Pawl il-Bahar', 'SPB', 1),
(2419, 152, 'San Gwann', 'SGW', 1),
(2420, 152, 'Santa Venera', 'SVE', 1),
(2421, 152, 'Siggiewi', 'SIG', 1),
(2422, 152, 'Sliema', 'SLM', 1),
(2423, 152, 'Swieqi', 'SWQ', 1),
(2424, 152, 'Ta Xbiex', 'TXB', 1),
(2425, 152, 'Tarxien', 'TRX', 1),
(2426, 152, 'Valletta', 'VLT', 1),
(2427, 152, 'Xgajra', 'XGJ', 1),
(2428, 152, 'Zabbar', 'ZBR', 1),
(2429, 152, 'Zebbug', 'ZBG', 1),
(2430, 152, 'Zejtun', 'ZJT', 1),
(2431, 152, 'Zurrieq', 'ZRQ', 1),
(2432, 152, 'Fontana', 'FNT', 1),
(2433, 152, 'Ghajnsielem', 'GHJ', 1),
(2434, 152, 'Gharb', 'GHR', 1),
(2435, 152, 'Ghasri', 'GHS', 1),
(2436, 152, 'Kercem', 'KRC', 1),
(2437, 152, 'Munxar', 'MUN', 1),
(2438, 152, 'Nadur', 'NAD', 1),
(2439, 152, 'Qala', 'QAL', 1),
(2440, 152, 'Victoria', 'VIC', 1),
(2441, 152, 'San Lawrenz', 'SLA', 1),
(2442, 152, 'Sannat', 'SNT', 1),
(2443, 152, 'Xagra', 'ZAG', 1),
(2444, 152, 'Xewkija', 'XEW', 1),
(2445, 152, 'Zebbug', 'ZEB', 1),
(2446, 153, 'Beau Bassin-Rose Hill', 'BR', 1),
(2447, 153, 'Curepipe', 'CU', 1),
(2448, 153, 'Port Louis', 'PU', 1),
(2449, 153, 'Quatre Bornes', 'QB', 1),
(2450, 153, 'Vacoas-Phoenix', 'VP', 1),
(2451, 153, 'Agalega Islands', 'AG', 1),
(2452, 153, 'Cargados Carajos Shoals (Saint Brandon Islands)', 'CC', 1),
(2453, 153, 'Rodrigues', 'RO', 1),
(2454, 153, 'Black River', 'BL', 1),
(2455, 153, 'Flacq', 'FL', 1),
(2456, 153, 'Grand Port', 'GP', 1),
(2457, 153, 'Moka', 'MO', 1),
(2458, 153, 'Pamplemousses', 'PA', 1),
(2459, 153, 'Plaines Wilhems', 'PW', 1),
(2460, 153, 'Port Louis', 'PL', 1),
(2461, 153, 'Riviere du Rempart', 'RR', 1),
(2462, 153, 'Savanne', 'SA', 1),
(2463, 154, 'Thiladhunmathi Uthuru', 'THU', 1),
(2464, 154, 'Thiladhunmathi Dhekunu', 'THD', 1),
(2465, 154, 'Miladhunmadulu Uthuru', 'MLU', 1),
(2466, 154, 'Miladhunmadulu Dhekunu', 'MLD', 1),
(2467, 154, 'Maalhosmadulu Uthuru', 'MAU', 1),
(2468, 154, 'Maalhosmadulu Dhekunu', 'MAD', 1),
(2469, 154, 'Faadhippolhu', 'FAA', 1),
(2470, 154, 'Male Atoll', 'MAA', 1),
(2471, 154, 'Ari Atoll Uthuru', 'AAU', 1),
(2472, 154, 'Ari Atoll Dheknu', 'AAD', 1),
(2473, 154, 'Felidhe Atoll', 'FEA', 1),
(2474, 154, 'Mulaku Atoll', 'MUA', 1),
(2475, 154, 'Nilandhe Atoll Uthuru', 'NAU', 1),
(2476, 154, 'Nilandhe Atoll Dhekunu', 'NAD', 1),
(2477, 154, 'Kolhumadulu', 'KLH', 1),
(2478, 154, 'Hadhdhunmathi', 'HDH', 1),
(2479, 154, 'Huvadhu Atoll Uthuru', 'HAU', 1),
(2480, 154, 'Huvadhu Atoll Dhekunu', 'HAD', 1),
(2481, 154, 'Fua Mulaku', 'FMU', 1),
(2482, 154, 'Addu', 'ADD', 1),
(2483, 155, 'Balaka', 'BLK', 1),
(2484, 155, 'Blantyre', 'BLT', 1),
(2485, 155, 'Chikwawa', 'CKW', 1),
(2486, 155, 'Chiradzulu', 'CRD', 1),
(2487, 155, 'Chitipa', 'CTP', 1),
(2488, 155, 'Dedza', 'DDZ', 1),
(2489, 155, 'Dowa', 'DWA', 1),
(2490, 155, 'Karonga', 'KRG', 1),
(2491, 155, 'Kasungu', 'KSG', 1),
(2492, 155, 'Likoma', 'LKM', 1),
(2493, 155, 'Lilongwe', 'LLG', 1),
(2494, 155, 'Machinga', 'MCG', 1),
(2495, 155, 'Mangochi', 'MGC', 1),
(2496, 155, 'Mchinji', 'MCH', 1),
(2497, 155, 'Mulanje', 'MLJ', 1),
(2498, 155, 'Mwanza', 'MWZ', 1),
(2499, 155, 'Mzimba', 'MZM', 1),
(2500, 155, 'Ntcheu', 'NTU', 1),
(2501, 155, 'Nkhata Bay', 'NKB', 1),
(2502, 155, 'Nkhotakota', 'NKH', 1),
(2503, 155, 'Nsanje', 'NSJ', 1),
(2504, 155, 'Ntchisi', 'NTI', 1),
(2505, 155, 'Phalombe', 'PHL', 1),
(2506, 155, 'Rumphi', 'RMP', 1),
(2507, 155, 'Salima', 'SLM', 1),
(2508, 155, 'Thyolo', 'THY', 1),
(2509, 155, 'Zomba', 'ZBA', 1),
(2510, 156, 'Baja California Norte', 'BN', 1),
(2511, 156, 'Baja California Sur', 'BS', 1),
(2512, 156, 'Campeche', 'CA', 1),
(2513, 156, 'Chiapas', 'CI', 1),
(2514, 156, 'Chihuahua', 'CH', 1),
(2515, 156, 'Coahuila de Zaragoza', 'CZ', 1),
(2516, 156, 'Colima', 'CL', 1),
(2517, 156, 'Distrito Federal', 'DF', 1),
(2518, 156, 'Durango', 'DU', 1),
(2519, 156, 'Guanajuato', 'GA', 1),
(2520, 156, 'Guerrero', 'GE', 1),
(2521, 156, 'Hidalgo', 'HI', 1),
(2522, 156, 'Jalisco', 'JA', 1),
(2523, 156, 'Mexico', 'ME', 1),
(2524, 156, 'Michoacan de Ocampo', 'MI', 1),
(2525, 156, 'Morelos', 'MO', 1),
(2526, 156, 'Nayarit', 'NA', 1),
(2527, 156, 'Nuevo Leon', 'NL', 1),
(2528, 156, 'Oaxaca', 'OA', 1),
(2529, 156, 'Puebla', 'PU', 1),
(2530, 156, 'Queretaro de Arteaga', 'QA', 1),
(2531, 156, 'Quintana Roo', 'QR', 1),
(2532, 156, 'San Luis Potosi', 'SA', 1),
(2533, 156, 'Sinaloa', 'SI', 1),
(2534, 156, 'Sonora', 'SO', 1),
(2535, 156, 'Tabasco', 'TB', 1),
(2536, 156, 'Tamaulipas', 'TM', 1),
(2537, 156, 'Tlaxcala', 'TL', 1),
(2538, 156, 'Veracruz-Llave', 'VE', 1),
(2539, 156, 'Yucatan', 'YU', 1),
(2540, 156, 'Zacatecas', 'ZA', 1),
(2541, 156, 'Aguascalientes', 'AG', 1),
(2542, 157, 'Johor', 'JO', 1),
(2543, 157, 'Kedah', 'KE', 1),
(2544, 157, 'Kelantan', 'KL', 1),
(2545, 157, 'Labuan', 'LA', 1),
(2546, 157, 'Melaka', 'ME', 1),
(2547, 157, 'Negeri Sembilan', 'NS', 1),
(2548, 157, 'Pahang', 'PA', 1),
(2549, 157, 'Perak', 'PE', 1),
(2550, 157, 'Perlis', 'PR', 1),
(2551, 157, 'Pulau Pinang', 'PP', 1),
(2552, 157, 'Sabah', 'SA', 1),
(2553, 157, 'Sarawak', 'SR', 1),
(2554, 157, 'Selangor', 'SE', 1),
(2555, 157, 'Terengganu', 'TE', 1),
(2556, 157, 'Wilayah Persekutuan', 'WP', 1),
(2557, 158, 'Cabo Delgado', 'CD', 1),
(2558, 158, 'Gaza', 'GZ', 1),
(2559, 158, 'Inhambane', 'IN', 1),
(2560, 158, 'Manica', 'MN', 1),
(2561, 158, 'Maputo (city)', 'MC', 1),
(2562, 158, 'Maputo', 'MP', 1),
(2563, 158, 'Nampula', 'NA', 1),
(2564, 158, 'Niassa', 'NI', 1),
(2565, 158, 'Sofala', 'SO', 1),
(2566, 158, 'Tete', 'TE', 1),
(2567, 158, 'Zambezia', 'ZA', 1),
(2568, 159, 'Caprivi', 'CA', 1),
(2569, 159, 'Erongo', 'ER', 1),
(2570, 159, 'Hardap', 'HA', 1),
(2571, 159, 'Karas', 'KR', 1),
(2572, 159, 'Kavango', 'KV', 1),
(2573, 159, 'Khomas', 'KH', 1),
(2574, 159, 'Kunene', 'KU', 1),
(2575, 159, 'Ohangwena', 'OW', 1),
(2576, 159, 'Omaheke', 'OK', 1),
(2577, 159, 'Omusati', 'OT', 1),
(2578, 159, 'Oshana', 'ON', 1),
(2579, 159, 'Oshikoto', 'OO', 1),
(2580, 159, 'Otjozondjupa', 'OJ', 1),
(2581, 160, 'Iles Loyaute', 'L', 1),
(2582, 160, 'Nord', 'N', 1),
(2583, 160, 'Sud', 'S', 1),
(2584, 160, 'Auckland', 'AUK', 1),
(2585, 161, 'Agadez', 'AG', 1),
(2586, 161, 'Diffa', 'DF', 1),
(2587, 161, 'Dosso', 'DS', 1),
(2588, 161, 'Maradi', 'MA', 1),
(2589, 161, 'Niamey', 'NM', 1),
(2590, 161, 'Tahoua', 'TH', 1),
(2591, 161, 'Tillaberi', 'TL', 1),
(2592, 161, 'Zinder', 'ZD', 1),
(2593, 163, 'Abia', 'AB', 1),
(2594, 163, 'Abuja Federal Capital Territory', 'CT', 1),
(2595, 163, 'Adamawa', 'AD', 1),
(2596, 163, 'Akwa Ibom', 'AK', 1),
(2597, 163, 'Anambra', 'AN', 1),
(2598, 163, 'Bauchi', 'BC', 1),
(2599, 163, 'Bayelsa', 'BY', 1),
(2600, 163, 'Benue', 'BN', 1),
(2601, 163, 'Borno', 'BO', 1),
(2602, 163, 'Cross River', 'CR', 1),
(2603, 163, 'Delta', 'DE', 1),
(2604, 163, 'Ebonyi', 'EB', 1),
(2605, 163, 'Edo', 'ED', 1),
(2606, 163, 'Ekiti', 'EK', 1),
(2607, 163, 'Enugu', 'EN', 1),
(2608, 163, 'Gombe', 'GO', 1),
(2609, 163, 'Imo', 'IM', 1),
(2610, 163, 'Jigawa', 'JI', 1),
(2611, 163, 'Kaduna', 'KD', 1),
(2612, 163, 'Kano', 'KN', 1),
(2613, 163, 'Katsina', 'KT', 1),
(2614, 163, 'Kebbi', 'KE', 1),
(2615, 163, 'Kogi', 'KO', 1),
(2616, 163, 'Kwara', 'KW', 1),
(2617, 163, 'Lagos', 'LA', 1),
(2618, 163, 'Nassarawa', 'NA', 1),
(2619, 163, 'Niger', 'NI', 1),
(2620, 163, 'Ogun', 'OG', 1),
(2621, 163, 'Ondo', 'ONG', 1),
(2622, 163, 'Osun', 'OS', 1),
(2623, 163, 'Oyo', 'OY', 1),
(2624, 163, 'Plateau', 'PL', 1),
(2625, 163, 'Rivers', 'RI', 1),
(2626, 163, 'Sokoto', 'SO', 1),
(2627, 163, 'Taraba', 'TA', 1),
(2628, 163, 'Yobe', 'YO', 1),
(2629, 163, 'Zamfara', 'ZA', 1),
(2630, 164, 'Atlantico Norte', 'AN', 1),
(2631, 164, 'Atlantico Sur', 'AS', 1),
(2632, 164, 'Boaco', 'BO', 1),
(2633, 164, 'Carazo', 'CA', 1),
(2634, 164, 'Chinandega', 'CI', 1),
(2635, 164, 'Chontales', 'CO', 1),
(2636, 164, 'Esteli', 'ES', 1),
(2637, 164, 'Granada', 'GR', 1),
(2638, 164, 'Jinotega', 'JI', 1),
(2639, 164, 'Leon', 'LE', 1),
(2640, 164, 'Madriz', 'MD', 1),
(2641, 164, 'Managua', 'MN', 1),
(2642, 164, 'Masaya', 'MS', 1),
(2643, 164, 'Matagalpa', 'MT', 1),
(2644, 164, 'Nuevo Segovia', 'NS', 1),
(2645, 164, 'Rio San Juan', 'RS', 1),
(2646, 164, 'Rivas', 'RI', 1),
(2647, 165, 'Drenthe', 'DR', 1),
(2648, 165, 'Flevoland', 'FL', 1),
(2649, 165, 'Friesland', 'FR', 1),
(2650, 165, 'Gelderland', 'GE', 1),
(2651, 165, 'Groningen', 'GR', 1),
(2652, 165, 'Limburg', 'LI', 1),
(2653, 165, 'Noord Brabant', 'NB', 1),
(2654, 165, 'Noord Holland', 'NH', 1),
(2655, 165, 'Overijssel', 'OV', 1),
(2656, 165, 'Utrecht', 'UT', 1),
(2657, 165, 'Zeeland', 'ZE', 1),
(2658, 165, 'Zuid Holland', 'ZH', 1),
(2659, 166, 'Akershus', 'AK', 1),
(2660, 166, 'Aust-Agder', 'AA', 1),
(2661, 166, 'Buskerud', 'BU', 1),
(2662, 166, 'Finnmark', 'FM', 1),
(2663, 166, 'Hedmark', 'HM', 1),
(2664, 166, 'Hordaland', 'HL', 1),
(2665, 166, 'More og Romdal', 'MR', 1),
(2666, 166, 'Nord-Trondelag', 'NT', 1),
(2667, 166, 'Nordland', 'NL', 1),
(2668, 166, 'Ostfold', 'OF', 1),
(2669, 166, 'Oppland', 'OP', 1),
(2670, 166, 'Oslo', 'OL', 1),
(2671, 166, 'Rogaland', 'RL', 1),
(2672, 166, 'Sor-Trondelag', 'ST', 1),
(2673, 166, 'Sogn og Fjordane', 'SJ', 1),
(2674, 166, 'Svalbard', 'SV', 1),
(2675, 166, 'Telemark', 'TM', 1),
(2676, 166, 'Troms', 'TR', 1),
(2677, 166, 'Vest-Agder', 'VA', 1),
(2678, 166, 'Vestfold', 'VF', 1),
(2679, 167, 'Bagmati', 'BA', 1),
(2680, 167, 'Bheri', 'BH', 1),
(2681, 167, 'Dhawalagiri', 'DH', 1),
(2682, 167, 'Gandaki', 'GA', 1),
(2683, 167, 'Janakpur', 'JA', 1),
(2684, 167, 'Karnali', 'KA', 1),
(2685, 167, 'Kosi', 'KO', 1),
(2686, 167, 'Lumbini', 'LU', 1),
(2687, 167, 'Mahakali', 'MA', 1),
(2688, 167, 'Mechi', 'ME', 1),
(2689, 167, 'Narayani', 'NA', 1),
(2690, 167, 'Rapti', 'RA', 1),
(2691, 167, 'Sagarmatha', 'SA', 1),
(2692, 167, 'Seti', 'SE', 1),
(2693, 168, 'Aiwo', 'AO', 1),
(2694, 168, 'Anabar', 'AA', 1),
(2695, 168, 'Anetan', 'AT', 1),
(2696, 168, 'Anibare', 'AI', 1),
(2697, 168, 'Baiti', 'BA', 1),
(2698, 168, 'Boe', 'BO', 1),
(2699, 168, 'Buada', 'BU', 1),
(2700, 168, 'Denigomodu', 'DE', 1),
(2701, 168, 'Ewa', 'EW', 1),
(2702, 168, 'Ijuw', 'IJ', 1),
(2703, 168, 'Meneng', 'ME', 1),
(2704, 168, 'Nibok', 'NI', 1),
(2705, 168, 'Uaboe', 'UA', 1),
(2706, 168, 'Yaren', 'YA', 1),
(2707, 170, 'Bay of Plenty', 'BOP', 1),
(2708, 170, 'Canterbury', 'CAN', 1),
(2709, 170, 'Coromandel', 'COR', 1),
(2710, 170, 'Gisborne', 'GIS', 1),
(2711, 170, 'Fiordland', 'FIO', 1),
(2712, 170, 'Hawke''s Bay', 'HKB', 1),
(2713, 170, 'Marlborough', 'MBH', 1),
(2714, 170, 'Manawatu-Wanganui', 'MWT', 1),
(2715, 170, 'Mt Cook-Mackenzie', 'MCM', 1),
(2716, 170, 'Nelson', 'NSN', 1),
(2717, 170, 'Northland', 'NTL', 1),
(2718, 170, 'Otago', 'OTA', 1),
(2719, 170, 'Southland', 'STL', 1),
(2720, 170, 'Taranaki', 'TKI', 1),
(2721, 170, 'Wellington', 'WGN', 1),
(2722, 170, 'Waikato', 'WKO', 1),
(2723, 170, 'Wairarapa', 'WAI', 1),
(2724, 170, 'West Coast', 'WTC', 1),
(2725, 171, 'Ad Dakhiliyah', 'DA', 1),
(2726, 171, 'Al Batinah', 'BA', 1),
(2727, 171, 'Al Wusta', 'WU', 1),
(2728, 171, 'Ash Sharqiyah', 'SH', 1),
(2729, 171, 'Az Zahirah', 'ZA', 1),
(2730, 171, 'Masqat', 'MA', 1),
(2731, 171, 'Musandam', 'MU', 1),
(2732, 171, 'Zufar', 'ZU', 1),
(2733, 172, 'Bocas del Toro', 'BT', 1),
(2734, 172, 'Chiriqui', 'CH', 1),
(2735, 172, 'Cocle', 'CC', 1),
(2736, 172, 'Colon', 'CL', 1),
(2737, 172, 'Darien', 'DA', 1),
(2738, 172, 'Herrera', 'HE', 1),
(2739, 172, 'Los Santos', 'LS', 1),
(2740, 172, 'Panama', 'PA', 1),
(2741, 172, 'San Blas', 'SB', 1),
(2742, 172, 'Veraguas', 'VG', 1),
(2743, 173, 'Amazonas', 'AM', 1),
(2744, 173, 'Ancash', 'AN', 1),
(2745, 173, 'Apurimac', 'AP', 1),
(2746, 173, 'Arequipa', 'AR', 1),
(2747, 173, 'Ayacucho', 'AY', 1),
(2748, 173, 'Cajamarca', 'CJ', 1),
(2749, 173, 'Callao', 'CL', 1),
(2750, 173, 'Cusco', 'CU', 1),
(2751, 173, 'Huancavelica', 'HV', 1),
(2752, 173, 'Huanuco', 'HO', 1),
(2753, 173, 'Ica', 'IC', 1),
(2754, 173, 'Junin', 'JU', 1),
(2755, 173, 'La Libertad', 'LD', 1),
(2756, 173, 'Lambayeque', 'LY', 1),
(2757, 173, 'Lima', 'LI', 1),
(2758, 173, 'Loreto', 'LO', 1),
(2759, 173, 'Madre de Dios', 'MD', 1),
(2760, 173, 'Moquegua', 'MO', 1),
(2761, 173, 'Pasco', 'PA', 1),
(2762, 173, 'Piura', 'PI', 1),
(2763, 173, 'Puno', 'PU', 1),
(2764, 173, 'San Martin', 'SM', 1),
(2765, 173, 'Tacna', 'TA', 1),
(2766, 173, 'Tumbes', 'TU', 1),
(2767, 173, 'Ucayali', 'UC', 1),
(2768, 174, 'Archipel des Marquises', 'M', 1),
(2769, 174, 'Archipel des Tuamotu', 'T', 1),
(2770, 174, 'Archipel des Tubuai', 'I', 1),
(2771, 174, 'Iles du Vent', 'V', 1),
(2772, 174, 'Iles Sous-le-Vent', 'S', 1),
(2773, 175, 'Bougainville', 'BV', 1),
(2774, 175, 'Central', 'CE', 1),
(2775, 175, 'Chimbu', 'CH', 1),
(2776, 175, 'Eastern Highlands', 'EH', 1),
(2777, 175, 'East New Britain', 'EB', 1),
(2778, 175, 'East Sepik', 'ES', 1),
(2779, 175, 'Enga', 'EN', 1),
(2780, 175, 'Gulf', 'GU', 1),
(2781, 175, 'Madang', 'MD', 1),
(2782, 175, 'Manus', 'MN', 1),
(2783, 175, 'Milne Bay', 'MB', 1),
(2784, 175, 'Morobe', 'MR', 1),
(2785, 175, 'National Capital', 'NC', 1),
(2786, 175, 'New Ireland', 'NI', 1),
(2787, 175, 'Northern', 'NO', 1),
(2788, 175, 'Sandaun', 'SA', 1),
(2789, 175, 'Southern Highlands', 'SH', 1),
(2790, 175, 'Western', 'WE', 1),
(2791, 175, 'Western Highlands', 'WH', 1),
(2792, 175, 'West New Britain', 'WB', 1),
(2793, 176, 'Abra', 'ABR', 1),
(2794, 176, 'Agusan del Norte', 'ANO', 1),
(2795, 176, 'Agusan del Sur', 'ASU', 1),
(2796, 176, 'Aklan', 'AKL', 1),
(2797, 176, 'Albay', 'ALB', 1),
(2798, 176, 'Antique', 'ANT', 1),
(2799, 176, 'Apayao', 'APY', 1),
(2800, 176, 'Aurora', 'AUR', 1),
(2801, 176, 'Basilan', 'BAS', 1),
(2802, 176, 'Bataan', 'BTA', 1),
(2803, 176, 'Batanes', 'BTE', 1),
(2804, 176, 'Batangas', 'BTG', 1),
(2805, 176, 'Biliran', 'BLR', 1),
(2806, 176, 'Benguet', 'BEN', 1),
(2807, 176, 'Bohol', 'BOL', 1),
(2808, 176, 'Bukidnon', 'BUK', 1),
(2809, 176, 'Bulacan', 'BUL', 1),
(2810, 176, 'Cagayan', 'CAG', 1),
(2811, 176, 'Camarines Norte', 'CNO', 1),
(2812, 176, 'Camarines Sur', 'CSU', 1),
(2813, 176, 'Camiguin', 'CAM', 1),
(2814, 176, 'Capiz', 'CAP', 1),
(2815, 176, 'Catanduanes', 'CAT', 1),
(2816, 176, 'Cavite', 'CAV', 1),
(2817, 176, 'Cebu', 'CEB', 1),
(2818, 176, 'Compostela', 'CMP', 1),
(2819, 176, 'Davao del Norte', 'DNO', 1),
(2820, 176, 'Davao del Sur', 'DSU', 1),
(2821, 176, 'Davao Oriental', 'DOR', 1),
(2822, 176, 'Eastern Samar', 'ESA', 1),
(2823, 176, 'Guimaras', 'GUI', 1),
(2824, 176, 'Ifugao', 'IFU', 1),
(2825, 176, 'Ilocos Norte', 'INO', 1),
(2826, 176, 'Ilocos Sur', 'ISU', 1),
(2827, 176, 'Iloilo', 'ILO', 1),
(2828, 176, 'Isabela', 'ISA', 1),
(2829, 176, 'Kalinga', 'KAL', 1),
(2830, 176, 'Laguna', 'LAG', 1),
(2831, 176, 'Lanao del Norte', 'LNO', 1),
(2832, 176, 'Lanao del Sur', 'LSU', 1),
(2833, 176, 'La Union', 'UNI', 1),
(2834, 176, 'Leyte', 'LEY', 1),
(2835, 176, 'Maguindanao', 'MAG', 1),
(2836, 176, 'Marinduque', 'MRN', 1),
(2837, 176, 'Masbate', 'MSB', 1),
(2838, 176, 'Mindoro Occidental', 'MIC', 1),
(2839, 176, 'Mindoro Oriental', 'MIR', 1),
(2840, 176, 'Misamis Occidental', 'MSC', 1),
(2841, 176, 'Misamis Oriental', 'MOR', 1),
(2842, 176, 'Mountain', 'MOP', 1),
(2843, 176, 'Negros Occidental', 'NOC', 1),
(2844, 176, 'Negros Oriental', 'NOR', 1),
(2845, 176, 'North Cotabato', 'NCT', 1),
(2846, 176, 'Northern Samar', 'NSM', 1),
(2847, 176, 'Nueva Ecija', 'NEC', 1),
(2848, 176, 'Nueva Vizcaya', 'NVZ', 1),
(2849, 176, 'Palawan', 'PLW', 1),
(2850, 176, 'Pampanga', 'PMP', 1),
(2851, 176, 'Pangasinan', 'PNG', 1),
(2852, 176, 'Quezon', 'QZN', 1),
(2853, 176, 'Quirino', 'QRN', 1),
(2854, 176, 'Rizal', 'RIZ', 1),
(2855, 176, 'Romblon', 'ROM', 1),
(2856, 176, 'Samar', 'SMR', 1),
(2857, 176, 'Sarangani', 'SRG', 1),
(2858, 176, 'Siquijor', 'SQJ', 1),
(2859, 176, 'Sorsogon', 'SRS', 1),
(2860, 176, 'South Cotabato', 'SCO', 1),
(2861, 176, 'Southern Leyte', 'SLE', 1),
(2862, 176, 'Sultan Kudarat', 'SKU', 1),
(2863, 176, 'Sulu', 'SLU', 1),
(2864, 176, 'Surigao del Norte', 'SNO', 1),
(2865, 176, 'Surigao del Sur', 'SSU', 1),
(2866, 176, 'Tarlac', 'TAR', 1),
(2867, 176, 'Tawi-Tawi', 'TAW', 1),
(2868, 176, 'Zambales', 'ZBL', 1),
(2869, 176, 'Zamboanga del Norte', 'ZNO', 1),
(2870, 176, 'Zamboanga del Sur', 'ZSU', 1),
(2871, 176, 'Zamboanga Sibugay', 'ZSI', 1),
(2872, 177, 'Balochistan', 'B', 1),
(2873, 177, 'Federally Administered Tribal Areas', 'T', 1),
(2874, 177, 'Islamabad Capital Territory', 'I', 1),
(2875, 177, 'North-West Frontier', 'N', 1),
(2876, 177, 'Punjab', 'P', 1),
(2877, 177, 'Sindh', 'S', 1),
(2878, 178, 'Dolnoslaskie', 'DO', 1),
(2879, 178, 'Kujawsko-Pomorskie', 'KP', 1),
(2880, 178, 'Lodzkie', 'LO', 1),
(2881, 178, 'Lubelskie', 'LL', 1),
(2882, 178, 'Lubuskie', 'LU', 1),
(2883, 178, 'Malopolskie', 'ML', 1),
(2884, 178, 'Mazowieckie', 'MZ', 1),
(2885, 178, 'Opolskie', 'OP', 1),
(2886, 178, 'Podkarpackie', 'PP', 1),
(2887, 178, 'Podlaskie', 'PL', 1),
(2888, 178, 'Pomorskie', 'PM', 1),
(2889, 178, 'Slaskie', 'SL', 1),
(2890, 178, 'Swietokrzyskie', 'SW', 1),
(2891, 178, 'Warminsko-Mazurskie', 'WM', 1),
(2892, 178, 'Wielkopolskie', 'WP', 1),
(2893, 178, 'Zachodniopomorskie', 'ZA', 1),
(2894, 179, 'Saint Pierre', 'P', 1),
(2895, 179, 'Miquelon', 'M', 1),
(2896, 179, 'Ascension', 'A', 1),
(2897, 179, 'Saint Helena', 'S', 1),
(2898, 179, 'Tristan da Cunha', 'T', 1),
(2899, 183, 'A&ccedil;ores', 'AC', 1),
(2900, 183, 'Aveiro', 'AV', 1),
(2901, 183, 'Beja', 'BE', 1),
(2902, 183, 'Braga', 'BR', 1),
(2903, 183, 'Bragan&ccedil;a', 'BA', 1),
(2904, 183, 'Castelo Branco', 'CB', 1),
(2905, 183, 'Coimbra', 'CO', 1),
(2906, 183, '&Eacute;vora', 'EV', 1),
(2907, 183, 'Faro', 'FA', 1),
(2908, 183, 'Guarda', 'GU', 1),
(2909, 183, 'Leiria', 'LE', 1),
(2910, 183, 'Lisboa', 'LI', 1),
(2911, 183, 'Madeira', 'ME', 1),
(2912, 183, 'Portalegre', 'PO', 1),
(2913, 183, 'Porto', 'PR', 1),
(2914, 183, 'Santar&eacute;m', 'SA', 1),
(2915, 183, 'Set&uacute;bal', 'SE', 1),
(2916, 183, 'Viana do Castelo', 'VC', 1),
(2917, 183, 'Vila Real', 'VR', 1),
(2918, 183, 'Viseu', 'VI', 1),
(2919, 184, 'Aimeliik', 'AM', 1),
(2920, 184, 'Airai', 'AR', 1),
(2921, 184, 'Angaur', 'AN', 1),
(2922, 184, 'Hatohobei', 'HA', 1),
(2923, 184, 'Kayangel', 'KA', 1),
(2924, 184, 'Koror', 'KO', 1),
(2925, 184, 'Melekeok', 'ME', 1),
(2926, 184, 'Ngaraard', 'NA', 1),
(2927, 184, 'Ngarchelong', 'NG', 1),
(2928, 184, 'Ngardmau', 'ND', 1),
(2929, 184, 'Ngatpang', 'NT', 1),
(2930, 184, 'Ngchesar', 'NC', 1),
(2931, 184, 'Ngeremlengui', 'NR', 1),
(2932, 184, 'Ngiwal', 'NW', 1),
(2933, 184, 'Peleliu', 'PE', 1),
(2934, 184, 'Sonsorol', 'SO', 1),
(2935, 185, 'Alto Paraguay', 'AG', 1),
(2936, 185, 'Alto Parana', 'AN', 1),
(2937, 185, 'Amambay', 'AM', 1),
(2938, 185, 'Asuncion', 'AS', 1),
(2939, 185, 'Boqueron', 'BO', 1),
(2940, 185, 'Caaguazu', 'CG', 1),
(2941, 185, 'Caazapa', 'CZ', 1),
(2942, 185, 'Canindeyu', 'CN', 1),
(2943, 185, 'Central', 'CE', 1),
(2944, 185, 'Concepcion', 'CC', 1),
(2945, 185, 'Cordillera', 'CD', 1),
(2946, 185, 'Guaira', 'GU', 1),
(2947, 185, 'Itapua', 'IT', 1),
(2948, 185, 'Misiones', 'MI', 1),
(2949, 185, 'Neembucu', 'NE', 1),
(2950, 185, 'Paraguari', 'PA', 1),
(2951, 185, 'Presidente Hayes', 'PH', 1),
(2952, 185, 'San Pedro', 'SP', 1),
(2953, 186, 'Ad Dawhah', 'DW', 1),
(2954, 186, 'Al Ghuwayriyah', 'GW', 1),
(2955, 186, 'Al Jumayliyah', 'JM', 1),
(2956, 186, 'Al Khawr', 'KR', 1),
(2957, 186, 'Al Wakrah', 'WK', 1),
(2958, 186, 'Ar Rayyan', 'RN', 1),
(2959, 186, 'Jarayan al Batinah', 'JB', 1),
(2960, 186, 'Madinat ash Shamal', 'MS', 1),
(2961, 186, 'Umm Sa''id', 'UD', 1),
(2962, 186, 'Umm Salal', 'UL', 1),
(2963, 188, 'Alba', 'AB', 1),
(2964, 188, 'Arad', 'AR', 1),
(2965, 188, 'Arges', 'AG', 1),
(2966, 188, 'Bacau', 'BC', 1),
(2967, 188, 'Bihor', 'BH', 1),
(2968, 188, 'Bistrita-Nasaud', 'BN', 1),
(2969, 188, 'Botosani', 'BT', 1),
(2970, 188, 'Brasov', 'BV', 1),
(2971, 188, 'Braila', 'BR', 1),
(2972, 188, 'Bucuresti', 'B', 1),
(2973, 188, 'Buzau', 'BZ', 1),
(2974, 188, 'Caras-Severin', 'CS', 1),
(2975, 188, 'Calarasi', 'CL', 1),
(2976, 188, 'Cluj', 'CJ', 1),
(2977, 188, 'Constanta', 'CT', 1),
(2978, 188, 'Covasna', 'CV', 1),
(2979, 188, 'Dimbovita', 'DB', 1),
(2980, 188, 'Dolj', 'DJ', 1),
(2981, 188, 'Galati', 'GL', 1),
(2982, 188, 'Giurgiu', 'GR', 1),
(2983, 188, 'Gorj', 'GJ', 1),
(2984, 188, 'Harghita', 'HR', 1),
(2985, 188, 'Hunedoara', 'HD', 1),
(2986, 188, 'Ialomita', 'IL', 1),
(2987, 188, 'Iasi', 'IS', 1),
(2988, 188, 'Ilfov', 'IF', 1),
(2989, 188, 'Maramures', 'MM', 1),
(2990, 188, 'Mehedinti', 'MH', 1),
(2991, 188, 'Mures', 'MS', 1),
(2992, 188, 'Neamt', 'NT', 1),
(2993, 188, 'Olt', 'OT', 1),
(2994, 188, 'Prahova', 'PH', 1),
(2995, 188, 'Satu-Mare', 'SM', 1),
(2996, 188, 'Salaj', 'SJ', 1),
(2997, 188, 'Sibiu', 'SB', 1),
(2998, 188, 'Suceava', 'SV', 1),
(2999, 188, 'Teleorman', 'TR', 1),
(3000, 188, 'Timis', 'TM', 1),
(3001, 188, 'Tulcea', 'TL', 1),
(3002, 188, 'Vaslui', 'VS', 1),
(3003, 188, 'Valcea', 'VL', 1),
(3004, 188, 'Vrancea', 'VN', 1),
(3005, 189, 'Belgrade', '0', 1),
(3006, 189, 'North BaÄka', '1', 1),
(3007, 189, 'Central Banat', '2', 1),
(3008, 189, 'North Banat', '3', 1),
(3009, 189, 'South Banat', '4', 1),
(3010, 189, 'West BaÄka', '5', 1),
(3011, 189, 'South BaÄka', '6', 1),
(3012, 189, 'Srem', '7', 1),
(3013, 189, 'MaÄva', '8', 1),
(3014, 189, 'Kolubara', '9', 1),
(3015, 189, 'Podunavlje', '10', 1),
(3016, 189, 'BraniÄevo', '11', 1),
(3017, 189, 'Å umadija', '12', 1),
(3018, 189, 'Pomoravlje', '13', 1),
(3019, 189, 'Bor', '14', 1),
(3020, 189, 'ZajeÄar', '15', 1),
(3021, 189, 'Zlatibor', '16', 1),
(3022, 189, 'Moravica', '17', 1),
(3023, 189, 'RaÅ¡ka', '18', 1),
(3024, 189, 'Rasina', '19', 1),
(3025, 189, 'NiÅ¡ava', '20', 1),
(3026, 189, 'Toplica', '21', 1),
(3027, 189, 'Pirot', '22', 1),
(3028, 189, 'Jablanica', '23', 1),
(3029, 189, 'PÄinja', '24', 1),
(3030, 189, 'Kosovo', 'KM', 1),
(3031, 190, 'Abakan', 'AB', 1),
(3032, 190, 'Aginskoye', 'AG', 1);
INSERT INTO `loc_state_options` (`state_id`, `country_id`, `name`, `code`, `status`) VALUES
(3033, 190, 'Anadyr', 'AN', 1),
(3034, 190, 'Arkahangelsk', 'AR', 1),
(3035, 190, 'Astrakhan', 'AS', 1),
(3036, 190, 'Barnaul', 'BA', 1),
(3037, 190, 'Belgorod', 'BE', 1),
(3038, 190, 'Birobidzhan', 'BI', 1),
(3039, 190, 'Blagoveshchensk', 'BL', 1),
(3040, 190, 'Bryansk', 'BR', 1),
(3041, 190, 'Cheboksary', 'CH', 1),
(3042, 190, 'Chelyabinsk', 'CL', 1),
(3043, 190, 'Cherkessk', 'CR', 1),
(3044, 190, 'Chita', 'CI', 1),
(3045, 190, 'Dudinka', 'DU', 1),
(3046, 190, 'Elista', 'EL', 1),
(3047, 190, 'Gomo-Altaysk', 'GO', 1),
(3048, 190, 'Gorno-Altaysk', 'GA', 1),
(3049, 190, 'Groznyy', 'GR', 1),
(3050, 190, 'Irkutsk', 'IR', 1),
(3051, 190, 'Ivanovo', 'IV', 1),
(3052, 190, 'Izhevsk', 'IZ', 1),
(3053, 190, 'Kalinigrad', 'KA', 1),
(3054, 190, 'Kaluga', 'KL', 1),
(3055, 190, 'Kasnodar', 'KS', 1),
(3056, 190, 'Kazan', 'KZ', 1),
(3057, 190, 'Kemerovo', 'KE', 1),
(3058, 190, 'Khabarovsk', 'KH', 1),
(3059, 190, 'Khanty-Mansiysk', 'KM', 1),
(3060, 190, 'Kostroma', 'KO', 1),
(3061, 190, 'Krasnodar', 'KR', 1),
(3062, 190, 'Krasnoyarsk', 'KN', 1),
(3063, 190, 'Kudymkar', 'KU', 1),
(3064, 190, 'Kurgan', 'KG', 1),
(3065, 190, 'Kursk', 'KK', 1),
(3066, 190, 'Kyzyl', 'KY', 1),
(3067, 190, 'Lipetsk', 'LI', 1),
(3068, 190, 'Magadan', 'MA', 1),
(3069, 190, 'Makhachkala', 'MK', 1),
(3070, 190, 'Maykop', 'MY', 1),
(3071, 190, 'Moscow', 'MO', 1),
(3072, 190, 'Murmansk', 'MU', 1),
(3073, 190, 'Nalchik', 'NA', 1),
(3074, 190, 'Naryan Mar', 'NR', 1),
(3075, 190, 'Nazran', 'NZ', 1),
(3076, 190, 'Nizhniy Novgorod', 'NI', 1),
(3077, 190, 'Novgorod', 'NO', 1),
(3078, 190, 'Novosibirsk', 'NV', 1),
(3079, 190, 'Omsk', 'OM', 1),
(3080, 190, 'Orel', 'OR', 1),
(3081, 190, 'Orenburg', 'OE', 1),
(3082, 190, 'Palana', 'PA', 1),
(3083, 190, 'Penza', 'PE', 1),
(3084, 190, 'Perm', 'PR', 1),
(3085, 190, 'Petropavlovsk-Kamchatskiy', 'PK', 1),
(3086, 190, 'Petrozavodsk', 'PT', 1),
(3087, 190, 'Pskov', 'PS', 1),
(3088, 190, 'Rostov-na-Donu', 'RO', 1),
(3089, 190, 'Ryazan', 'RY', 1),
(3090, 190, 'Salekhard', 'SL', 1),
(3091, 190, 'Samara', 'SA', 1),
(3092, 190, 'Saransk', 'SR', 1),
(3093, 190, 'Saratov', 'SV', 1),
(3094, 190, 'Smolensk', 'SM', 1),
(3095, 190, 'St. Petersburg', 'SP', 1),
(3096, 190, 'Stavropol', 'ST', 1),
(3097, 190, 'Syktyvkar', 'SY', 1),
(3098, 190, 'Tambov', 'TA', 1),
(3099, 190, 'Tomsk', 'TO', 1),
(3100, 190, 'Tula', 'TU', 1),
(3101, 190, 'Tura', 'TR', 1),
(3102, 190, 'Tver', 'TV', 1),
(3103, 190, 'Tyumen', 'TY', 1),
(3104, 190, 'Ufa', 'UF', 1),
(3105, 190, 'Ul''yanovsk', 'UL', 1),
(3106, 190, 'Ulan-Ude', 'UU', 1),
(3107, 190, 'Ust''-Ordynskiy', 'US', 1),
(3108, 190, 'Vladikavkaz', 'VL', 1),
(3109, 190, 'Vladimir', 'VA', 1),
(3110, 190, 'Vladivostok', 'VV', 1),
(3111, 190, 'Volgograd', 'VG', 1),
(3112, 190, 'Vologda', 'VD', 1),
(3113, 190, 'Voronezh', 'VO', 1),
(3114, 190, 'Vyatka', 'VY', 1),
(3115, 190, 'Yakutsk', 'YA', 1),
(3116, 190, 'Yaroslavl', 'YR', 1),
(3117, 190, 'Yekaterinburg', 'YE', 1),
(3118, 190, 'Yoshkar-Ola', 'YO', 1),
(3119, 191, 'Butare', 'BU', 1),
(3120, 191, 'Byumba', 'BY', 1),
(3121, 191, 'Cyangugu', 'CY', 1),
(3122, 191, 'Gikongoro', 'GK', 1),
(3123, 191, 'Gisenyi', 'GS', 1),
(3124, 191, 'Gitarama', 'GT', 1),
(3125, 191, 'Kibungo', 'KG', 1),
(3126, 191, 'Kibuye', 'KY', 1),
(3127, 191, 'Kigali Rurale', 'KR', 1),
(3128, 191, 'Kigali-ville', 'KV', 1),
(3129, 191, 'Ruhengeri', 'RU', 1),
(3130, 191, 'Umutara', 'UM', 1),
(3131, 192, 'Al Bahah', 'BH', 1),
(3132, 192, 'Al Hudud ash Shamaliyah', 'HS', 1),
(3133, 192, 'Al Jawf', 'JF', 1),
(3134, 192, 'Al Madinah', 'MD', 1),
(3135, 192, 'Al Qasim', 'QS', 1),
(3136, 192, 'Ar Riyad', 'RD', 1),
(3137, 192, 'Ash Sharqiyah (Eastern)', 'AQ', 1),
(3138, 192, '''Asir', 'AS', 1),
(3139, 192, 'Ha''il', 'HL', 1),
(3140, 192, 'Jizan', 'JZ', 1),
(3141, 192, 'Makkah', 'ML', 1),
(3142, 192, 'Najran', 'NR', 1),
(3143, 192, 'Tabuk', 'TB', 1),
(3144, 193, 'Central', 'CE', 1),
(3145, 193, 'Choiseul', 'CH', 1),
(3146, 193, 'Guadalcanal', 'GC', 1),
(3147, 193, 'Honiara', 'HO', 1),
(3148, 193, 'Isabel', 'IS', 1),
(3149, 193, 'Makira', 'MK', 1),
(3150, 193, 'Malaita', 'ML', 1),
(3151, 193, 'Rennell and Bellona', 'RB', 1),
(3152, 193, 'Temotu', 'TM', 1),
(3153, 193, 'Western', 'WE', 1),
(3154, 194, 'Anse aux Pins', 'AP', 1),
(3155, 194, 'Anse Boileau', 'AB', 1),
(3156, 194, 'Anse Etoile', 'AE', 1),
(3157, 194, 'Anse Louis', 'AL', 1),
(3158, 194, 'Anse Royale', 'AR', 1),
(3159, 194, 'Baie Lazare', 'BL', 1),
(3160, 194, 'Baie Sainte Anne', 'BS', 1),
(3161, 194, 'Beau Vallon', 'BV', 1),
(3162, 194, 'Bel Air', 'BA', 1),
(3163, 194, 'Bel Ombre', 'BO', 1),
(3164, 194, 'Cascade', 'CA', 1),
(3165, 194, 'Glacis', 'GL', 1),
(3166, 194, 'Grand'' Anse (on Mahe)', 'GM', 1),
(3167, 194, 'Grand'' Anse (on Praslin)', 'GP', 1),
(3168, 194, 'La Digue', 'DG', 1),
(3169, 194, 'La Riviere Anglaise', 'RA', 1),
(3170, 194, 'Mont Buxton', 'MB', 1),
(3171, 194, 'Mont Fleuri', 'MF', 1),
(3172, 194, 'Plaisance', 'PL', 1),
(3173, 194, 'Pointe La Rue', 'PR', 1),
(3174, 194, 'Port Glaud', 'PG', 1),
(3175, 194, 'Saint Louis', 'SL', 1),
(3176, 194, 'Takamaka', 'TA', 1),
(3177, 195, 'A''ali an Nil', 'ANL', 1),
(3178, 195, 'Al Bahr al Ahmar', 'BAM', 1),
(3179, 195, 'Al Buhayrat', 'BRT', 1),
(3180, 195, 'Al Jazirah', 'JZR', 1),
(3181, 195, 'Al Khartum', 'KRT', 1),
(3182, 195, 'Al Qadarif', 'QDR', 1),
(3183, 195, 'Al Wahdah', 'WDH', 1),
(3184, 195, 'An Nil al Abyad', 'ANB', 1),
(3185, 195, 'An Nil al Azraq', 'ANZ', 1),
(3186, 195, 'Ash Shamaliyah', 'ASH', 1),
(3187, 195, 'Bahr al Jabal', 'BJA', 1),
(3188, 195, 'Gharb al Istiwa''iyah', 'GIS', 1),
(3189, 195, 'Gharb Bahr al Ghazal', 'GBG', 1),
(3190, 195, 'Gharb Darfur', 'GDA', 1),
(3191, 195, 'Gharb Kurdufan', 'GKU', 1),
(3192, 195, 'Janub Darfur', 'JDA', 1),
(3193, 195, 'Janub Kurdufan', 'JKU', 1),
(3194, 195, 'Junqali', 'JQL', 1),
(3195, 195, 'Kassala', 'KSL', 1),
(3196, 195, 'Nahr an Nil', 'NNL', 1),
(3197, 195, 'Shamal Bahr al Ghazal', 'SBG', 1),
(3198, 195, 'Shamal Darfur', 'SDA', 1),
(3199, 195, 'Shamal Kurdufan', 'SKU', 1),
(3200, 195, 'Sharq al Istiwa''iyah', 'SIS', 1),
(3201, 195, 'Sinnar', 'SNR', 1),
(3202, 195, 'Warab', 'WRB', 1),
(3203, 196, 'Blekinge', 'K', 1),
(3204, 196, 'Dalarna', 'W', 1),
(3205, 196, 'G&auml;vleborg', 'X', 1),
(3206, 196, 'Gotland', 'I', 1),
(3207, 196, 'Halland', 'N', 1),
(3208, 196, 'J&auml;mtland', 'Z', 1),
(3209, 196, 'J&ouml;nk&ouml;ping', 'F', 1),
(3210, 196, 'Kalmar', 'H', 1),
(3211, 196, 'Kronoberg', 'G', 1),
(3212, 196, 'Norrbotten', 'BD', 1),
(3213, 196, '&Ouml;rebro', 'T', 1),
(3214, 196, '&Ouml;sterg&ouml;tland', 'E', 1),
(3215, 196, 'Sk&aring;ne', 'M', 1),
(3216, 196, 'S&ouml;dermanland', 'D', 1),
(3217, 196, 'Stockholm', 'AB', 1),
(3218, 196, 'Uppsala', 'C', 1),
(3219, 196, 'V&auml;rmland', 'S', 1),
(3220, 196, 'V&auml;sterbotten', 'AC', 1),
(3221, 196, 'V&auml;sternorrland', 'Y', 1),
(3222, 196, 'V&auml;stmanland', 'U', 1),
(3223, 196, 'V&auml;stra G&ouml;taland', 'O', 1),
(3224, 199, 'Pomurska', '1', 1),
(3225, 199, 'Podravska', '2', 1),
(3226, 199, 'KoroÅ¡ka', '3', 1),
(3227, 199, 'Savinjska', '4', 1),
(3228, 199, 'Zasavska', '5', 1),
(3229, 199, 'Spodnjeposavska', '6', 1),
(3230, 199, 'Jugovzhodna Slovenija', '7', 1),
(3231, 199, 'Osrednjeslovenska', '8', 1),
(3232, 199, 'Gorenjska', '9', 1),
(3233, 199, 'Notranjsko-kraÅ¡ka', '10', 1),
(3234, 199, 'GoriÅ¡ka', '11', 1),
(3235, 199, 'Obalno-kraÅ¡ka', '12', 1),
(3236, 201, 'BanskobystrickÃ½', 'BA', 1),
(3237, 201, 'BratislavskÃ½', 'BR', 1),
(3238, 201, 'KoÅ¡ickÃ½', 'KO', 1),
(3239, 201, 'Nitriansky', 'NI', 1),
(3240, 201, 'PreÅ¡ovskÃ½', 'PR', 1),
(3241, 201, 'TrenÄiansky', 'TC', 1),
(3242, 201, 'TrnavskÃ½', 'TV', 1),
(3243, 201, 'Å½ilinskÃ½', 'ZI', 1),
(3244, 202, 'Eastern', 'E', 1),
(3245, 202, 'Northern', 'N', 1),
(3246, 202, 'Southern', 'S', 1),
(3247, 202, 'Western', 'W', 1),
(3248, 203, 'Acquaviva', 'AC', 1),
(3249, 203, 'Borgo Maggiore', 'BM', 1),
(3250, 203, 'Chiesanuova', 'CH', 1),
(3251, 203, 'Domagnano', 'DO', 1),
(3252, 203, 'Faetano', 'FA', 1),
(3253, 203, 'Fiorentino', 'FI', 1),
(3254, 203, 'Montegiardino', 'MO', 1),
(3255, 203, 'Citta di San Marino', 'SM', 1),
(3256, 203, 'Serravalle', 'SE', 1),
(3257, 204, 'Dakar', 'DA', 1),
(3258, 204, 'Diourbel', 'DI', 1),
(3259, 204, 'Fatick', 'FA', 1),
(3260, 204, 'Kaolack', 'KA', 1),
(3261, 204, 'Kolda', 'KO', 1),
(3262, 204, 'Louga', 'LO', 1),
(3263, 204, 'Matam', 'MA', 1),
(3264, 204, 'Saint-Louis', 'SL', 1),
(3265, 204, 'Tambacounda', 'TA', 1),
(3266, 204, 'Thies', 'TH', 1),
(3267, 204, 'Ziguinchor', 'ZI', 1),
(3268, 205, 'Awdal', 'AW', 1),
(3269, 205, 'Bakool', 'BK', 1),
(3270, 205, 'Banaadir', 'BN', 1),
(3271, 205, 'Bari', 'BR', 1),
(3272, 205, 'Bay', 'BY', 1),
(3273, 205, 'Galguduud', 'GA', 1),
(3274, 205, 'Gedo', 'GE', 1),
(3275, 205, 'Hiiraan', 'HI', 1),
(3276, 205, 'Jubbada Dhexe', 'JD', 1),
(3277, 205, 'Jubbada Hoose', 'JH', 1),
(3278, 205, 'Mudug', 'MU', 1),
(3279, 205, 'Nugaal', 'NU', 1),
(3280, 205, 'Sanaag', 'SA', 1),
(3281, 205, 'Shabeellaha Dhexe', 'SD', 1),
(3282, 205, 'Shabeellaha Hoose', 'SH', 1),
(3283, 205, 'Sool', 'SL', 1),
(3284, 205, 'Togdheer', 'TO', 1),
(3285, 205, 'Woqooyi Galbeed', 'WG', 1),
(3286, 206, 'Brokopondo', 'BR', 1),
(3287, 206, 'Commewijne', 'CM', 1),
(3288, 206, 'Coronie', 'CR', 1),
(3289, 206, 'Marowijne', 'MA', 1),
(3290, 206, 'Nickerie', 'NI', 1),
(3291, 206, 'Para', 'PA', 1),
(3292, 206, 'Paramaribo', 'PM', 1),
(3293, 206, 'Saramacca', 'SA', 1),
(3294, 206, 'Sipaliwini', 'SI', 1),
(3295, 206, 'Wanica', 'WA', 1),
(3296, 207, 'Sao Tome', 'S', 1),
(3297, 207, 'Principe', 'P', 1),
(3298, 208, 'Ahuachapan', 'AH', 1),
(3299, 208, 'Cabanas', 'CA', 1),
(3300, 208, 'Chalatenango', 'CH', 1),
(3301, 208, 'Cuscatlan', 'CU', 1),
(3302, 208, 'La Libertad', 'LB', 1),
(3303, 208, 'La Paz', 'PZ', 1),
(3304, 208, 'La Union', 'UN', 1),
(3305, 208, 'Morazan', 'MO', 1),
(3306, 208, 'San Miguel', 'SM', 1),
(3307, 208, 'San Salvador', 'SS', 1),
(3308, 208, 'San Vicente', 'SV', 1),
(3309, 208, 'Santa Ana', 'SA', 1),
(3310, 208, 'Sonsonate', 'SO', 1),
(3311, 208, 'Usulutan', 'US', 1),
(3312, 209, 'Al Hasakah', 'HA', 1),
(3313, 209, 'Al Ladhiqiyah', 'LA', 1),
(3314, 209, 'Al Qunaytirah', 'QU', 1),
(3315, 209, 'Ar Raqqah', 'RQ', 1),
(3316, 209, 'As Suwayda', 'SU', 1),
(3317, 209, 'Dara', 'DA', 1),
(3318, 209, 'Dayr az Zawr', 'DZ', 1),
(3319, 209, 'Dimashq', 'DI', 1),
(3320, 209, 'Halab', 'HL', 1),
(3321, 209, 'Hamah', 'HM', 1),
(3322, 209, 'Hims', 'HI', 1),
(3323, 209, 'Idlib', 'ID', 1),
(3324, 209, 'Rif Dimashq', 'RD', 1),
(3325, 209, 'Tartus', 'TA', 1),
(3326, 210, 'Hhohho', 'H', 1),
(3327, 210, 'Lubombo', 'L', 1),
(3328, 210, 'Manzini', 'M', 1),
(3329, 210, 'Shishelweni', 'S', 1),
(3330, 211, 'Ambergris Cays', 'AC', 1),
(3331, 211, 'Dellis Cay', 'DC', 1),
(3332, 211, 'French Cay', 'FC', 1),
(3333, 211, 'Little Water Cay', 'LW', 1),
(3334, 211, 'Parrot Cay', 'RC', 1),
(3335, 211, 'Pine Cay', 'PN', 1),
(3336, 211, 'Salt Cay', 'SL', 1),
(3337, 211, 'Grand Turk', 'GT', 1),
(3338, 211, 'South Caicos', 'SC', 1),
(3339, 211, 'East Caicos', 'EC', 1),
(3340, 211, 'Middle Caicos', 'MC', 1),
(3341, 211, 'North Caicos', 'NC', 1),
(3342, 211, 'Providenciales', 'PR', 1),
(3343, 211, 'West Caicos', 'WC', 1),
(3344, 212, 'Batha', 'BA', 1),
(3345, 212, 'Biltine', 'BI', 1),
(3346, 212, 'Borkou-Ennedi-Tibesti', 'BE', 1),
(3347, 212, 'Chari-Baguirmi', 'CB', 1),
(3348, 212, 'Guera', 'GU', 1),
(3349, 212, 'Kanem', 'KA', 1),
(3350, 212, 'Lac', 'LA', 1),
(3351, 212, 'Logone Occidental', 'LC', 1),
(3352, 212, 'Logone Oriental', 'LR', 1),
(3353, 212, 'Mayo-Kebbi', 'MK', 1),
(3354, 212, 'Moyen-Chari', 'MC', 1),
(3355, 212, 'Ouaddai', 'OU', 1),
(3356, 212, 'Salamat', 'SA', 1),
(3357, 212, 'Tandjile', 'TA', 1),
(3358, 213, 'Iles Crozet', 'C', 1),
(3359, 213, 'Iles Kerguelen', 'K', 1),
(3360, 213, 'Ile Amsterdam', 'A', 1),
(3361, 213, 'Ile Saint-Paul', 'P', 1),
(3362, 213, 'Adelie Land', 'D', 1),
(3363, 214, 'Kara', 'K', 1),
(3364, 214, 'Plateaux', 'P', 1),
(3365, 214, 'Savanes', 'S', 1),
(3366, 214, 'Centrale', 'C', 1),
(3367, 214, 'Maritime', 'M', 1),
(3368, 215, 'Amnat Charoen', 'Amnat Charoen', 1),
(3369, 215, 'Ang Thong', 'Ang Thong', 1),
(3370, 215, 'Ayutthaya', 'Ayutthaya', 1),
(3371, 215, 'Bangkok', 'Bangkok', 1),
(3372, 215, 'Buriram', 'Buriram', 1),
(3373, 215, 'Chachoengsao', 'Chachoengsao', 1),
(3374, 215, 'Chai Nat', 'Chai Nat', 1),
(3375, 215, 'Chaiyaphum', 'Chaiyaphum', 1),
(3376, 215, 'Chanthaburi', 'Chanthaburi', 1),
(3377, 215, 'Chiang Mai', 'Chiang Mai', 1),
(3378, 215, 'Chiang Rai', 'Chiang Rai', 1),
(3379, 215, 'Chon Buri', 'Chon Buri', 1),
(3380, 215, 'Chumphon', 'Chumphon', 1),
(3381, 215, 'Kalasin', 'Kalasin', 1),
(3382, 215, 'Kamphaeng Phet', 'Kamphaeng Phet', 1),
(3383, 215, 'Kanchanaburi', 'Kanchanaburi', 1),
(3384, 215, 'Khon Kaen', 'Khon Kaen', 1),
(3385, 215, 'Krabi', 'Krabi', 1),
(3386, 215, 'Lampang', 'Lampang', 1),
(3387, 215, 'Lamphun', 'Lamphun', 1),
(3388, 215, 'Loei', 'Loei', 1),
(3389, 215, 'Lop Buri', 'Lop Buri', 1),
(3390, 215, 'Mae Hong Son', 'Mae Hong Son', 1),
(3391, 215, 'Maha Sarakham', 'Maha Sarakham', 1),
(3392, 215, 'Mukdahan', 'Mukdahan', 1),
(3393, 215, 'Nakhon Nayok', 'Nakhon Nayok', 1),
(3394, 215, 'Nakhon Pathom', 'Nakhon Pathom', 1),
(3395, 215, 'Nakhon Phanom', 'Nakhon Phanom', 1),
(3396, 215, 'Nakhon Ratchasima', 'Nakhon Ratchasima', 1),
(3397, 215, 'Nakhon Sawan', 'Nakhon Sawan', 1),
(3398, 215, 'Nakhon Si Thammarat', 'Nakhon Si Thammarat', 1),
(3399, 215, 'Nan', 'Nan', 1),
(3400, 215, 'Narathiwat', 'Narathiwat', 1),
(3401, 215, 'Nong Bua Lamphu', 'Nong Bua Lamphu', 1),
(3402, 215, 'Nong Khai', 'Nong Khai', 1),
(3403, 215, 'Nonthaburi', 'Nonthaburi', 1),
(3404, 215, 'Pathum Thani', 'Pathum Thani', 1),
(3405, 215, 'Pattani', 'Pattani', 1),
(3406, 215, 'Phangnga', 'Phangnga', 1),
(3407, 215, 'Phatthalung', 'Phatthalung', 1),
(3408, 215, 'Phayao', 'Phayao', 1),
(3409, 215, 'Phetchabun', 'Phetchabun', 1),
(3410, 215, 'Phetchaburi', 'Phetchaburi', 1),
(3411, 215, 'Phichit', 'Phichit', 1),
(3412, 215, 'Phitsanulok', 'Phitsanulok', 1),
(3413, 215, 'Phrae', 'Phrae', 1),
(3414, 215, 'Phuket', 'Phuket', 1),
(3415, 215, 'Prachin Buri', 'Prachin Buri', 1),
(3416, 215, 'Prachuap Khiri Khan', 'Prachuap Khiri Khan', 1),
(3417, 215, 'Ranong', 'Ranong', 1),
(3418, 215, 'Ratchaburi', 'Ratchaburi', 1),
(3419, 215, 'Rayong', 'Rayong', 1),
(3420, 215, 'Roi Et', 'Roi Et', 1),
(3421, 215, 'Sa Kaeo', 'Sa Kaeo', 1),
(3422, 215, 'Sakon Nakhon', 'Sakon Nakhon', 1),
(3423, 215, 'Samut Prakan', 'Samut Prakan', 1),
(3424, 215, 'Samut Sakhon', 'Samut Sakhon', 1),
(3425, 215, 'Samut Songkhram', 'Samut Songkhram', 1),
(3426, 215, 'Sara Buri', 'Sara Buri', 1),
(3427, 215, 'Satun', 'Satun', 1),
(3428, 215, 'Sing Buri', 'Sing Buri', 1),
(3429, 215, 'Sisaket', 'Sisaket', 1),
(3430, 215, 'Songkhla', 'Songkhla', 1),
(3431, 215, 'Sukhothai', 'Sukhothai', 1),
(3432, 215, 'Suphan Buri', 'Suphan Buri', 1),
(3433, 215, 'Surat Thani', 'Surat Thani', 1),
(3434, 215, 'Surin', 'Surin', 1),
(3435, 215, 'Tak', 'Tak', 1),
(3436, 215, 'Trang', 'Trang', 1),
(3437, 215, 'Trat', 'Trat', 1),
(3438, 215, 'Ubon Ratchathani', 'Ubon Ratchathani', 1),
(3439, 215, 'Udon Thani', 'Udon Thani', 1),
(3440, 215, 'Uthai Thani', 'Uthai Thani', 1),
(3441, 215, 'Uttaradit', 'Uttaradit', 1),
(3442, 215, 'Yala', 'Yala', 1),
(3443, 215, 'Yasothon', 'Yasothon', 1),
(3444, 216, 'Gorno-Badakhstan', 'GB', 1),
(3445, 216, 'Khatlon', 'KT', 1),
(3446, 216, 'Sughd', 'SU', 1),
(3447, 217, 'Atafu', 'A', 1),
(3448, 217, 'Fakaofo', 'F', 1),
(3449, 217, 'Nukunonu', 'N', 1),
(3450, 218, 'Aileu', 'AL', 1),
(3451, 218, 'Ainaro', 'AN', 1),
(3452, 218, 'Baucau', 'BA', 1),
(3453, 218, 'Bobonaro', 'BO', 1),
(3454, 218, 'Cova Lima', 'CO', 1),
(3455, 218, 'Dili', 'DI', 1),
(3456, 218, 'Ermera', 'ER', 1),
(3457, 218, 'Lautem', 'LA', 1),
(3458, 218, 'Liquica', 'LI', 1),
(3459, 218, 'Manatuto', 'MT', 1),
(3460, 218, 'Manufahi', 'MF', 1),
(3461, 218, 'Oecussi', 'OE', 1),
(3462, 218, 'Viqueque', 'VI', 1),
(3463, 219, 'Ahal Welayaty', 'A', 1),
(3464, 219, 'Balkan Welayaty', 'B', 1),
(3465, 219, 'Dashhowuz Welayaty', 'D', 1),
(3466, 219, 'Lebap Welayaty', 'L', 1),
(3467, 219, 'Mary Welayaty', 'M', 1),
(3468, 220, 'Ariana', 'AR', 1),
(3469, 220, 'Beja', 'BJ', 1),
(3470, 220, 'Ben Arous', 'BA', 1),
(3471, 220, 'Bizerte', 'BI', 1),
(3472, 220, 'Gabes', 'GB', 1),
(3473, 220, 'Gafsa', 'GF', 1),
(3474, 220, 'Jendouba', 'JE', 1),
(3475, 220, 'Kairouan', 'KR', 1),
(3476, 220, 'Kasserine', 'KS', 1),
(3477, 220, 'Kebili', 'KB', 1),
(3478, 220, 'Kef', 'KF', 1),
(3479, 220, 'Mahdia', 'MH', 1),
(3480, 220, 'Manouba', 'MN', 1),
(3481, 220, 'Medenine', 'ME', 1),
(3482, 220, 'Monastir', 'MO', 1),
(3483, 220, 'Nabeul', 'NA', 1),
(3484, 220, 'Sfax', 'SF', 1),
(3485, 220, 'Sidi', 'SD', 1),
(3486, 220, 'Siliana', 'SL', 1),
(3487, 220, 'Sousse', 'SO', 1),
(3488, 220, 'Tataouine', 'TA', 1),
(3489, 220, 'Tozeur', 'TO', 1),
(3490, 220, 'Tunis', 'TU', 1),
(3491, 220, 'Zaghouan', 'ZA', 1),
(3492, 221, 'Ha''apai', 'H', 1),
(3493, 221, 'Tongatapu', 'T', 1),
(3494, 221, 'Vava''u', 'V', 1),
(3495, 222, 'Adana', 'ADA', 1),
(3496, 222, 'AdÄ±yaman', 'ADI', 1),
(3497, 222, 'Afyonkarahisar', 'AFY', 1),
(3498, 222, 'AÄŸrÄ±', 'AGR', 1),
(3499, 222, 'Aksaray', 'AKS', 1),
(3500, 222, 'Amasya', 'AMA', 1),
(3501, 222, 'Ankara', 'ANK', 1),
(3502, 222, 'Antalya', 'ANT', 1),
(3503, 222, 'Ardahan', 'ARD', 1),
(3504, 222, 'Artvin', 'ART', 1),
(3505, 222, 'AydÄ±n', 'AYI', 1),
(3506, 222, 'BalÄ±kesir', 'BAL', 1),
(3507, 222, 'BartÄ±n', 'BAR', 1),
(3508, 222, 'Batman', 'BAT', 1),
(3509, 222, 'Bayburt', 'BAY', 1),
(3510, 222, 'Bilecik', 'BIL', 1),
(3511, 222, 'BingÃ¶l', 'BIN', 1),
(3512, 222, 'Bitlis', 'BIT', 1),
(3513, 222, 'Bolu', 'BOL', 1),
(3514, 222, 'Burdur', 'BRD', 1),
(3515, 222, 'Bursa', 'BRS', 1),
(3516, 222, 'Ã‡anakkale', 'CKL', 1),
(3517, 222, 'Ã‡ankÄ±rÄ±', 'CKR', 1),
(3518, 222, 'Ã‡orum', 'COR', 1),
(3519, 222, 'Denizli', 'DEN', 1),
(3520, 222, 'Diyarbakir', 'DIY', 1),
(3521, 222, 'DÃ¼zce', 'DUZ', 1),
(3522, 222, 'Edirne', 'EDI', 1),
(3523, 222, 'ElazÄ±ÄŸ', 'ELA', 1),
(3524, 222, 'Erzincan', 'EZC', 1),
(3525, 222, 'Erzurum', 'EZR', 1),
(3526, 222, 'EskiÅŸehir', 'ESK', 1),
(3527, 222, 'Gaziantep', 'GAZ', 1),
(3528, 222, 'Giresun', 'GIR', 1),
(3529, 222, 'GÃ¼mÃ¼ÅŸhane', 'GMS', 1),
(3530, 222, 'Hakkari', 'HKR', 1),
(3531, 222, 'Hatay', 'HTY', 1),
(3532, 222, 'IÄŸdÄ±r', 'IGD', 1),
(3533, 222, 'Isparta', 'ISP', 1),
(3534, 222, 'Ä°stanbul', 'IST', 1),
(3535, 222, 'Ä°zmir', 'IZM', 1),
(3536, 222, 'KahramanmaraÅŸ', 'KAH', 1),
(3537, 222, 'KarabÃ¼k', 'KRB', 1),
(3538, 222, 'Karaman', 'KRM', 1),
(3539, 222, 'Kars', 'KRS', 1),
(3540, 222, 'Kastamonu', 'KAS', 1),
(3541, 222, 'Kayseri', 'KAY', 1),
(3542, 222, 'Kilis', 'KLS', 1),
(3543, 222, 'KÄ±rÄ±kkale', 'KRK', 1),
(3544, 222, 'KÄ±rklareli', 'KLR', 1),
(3545, 222, 'KÄ±rÅŸehir', 'KRH', 1),
(3546, 222, 'Kocaeli', 'KOC', 1),
(3547, 222, 'Konya', 'KON', 1),
(3548, 222, 'KÃ¼tahya', 'KUT', 1),
(3549, 222, 'Malatya', 'MAL', 1),
(3550, 222, 'Manisa', 'MAN', 1),
(3551, 222, 'Mardin', 'MAR', 1),
(3552, 222, 'Mersin', 'MER', 1),
(3553, 222, 'MuÄŸla', 'MUG', 1),
(3554, 222, 'MuÅŸ', 'MUS', 1),
(3555, 222, 'NevÅŸehir', 'NEV', 1),
(3556, 222, 'NiÄŸde', 'NIG', 1),
(3557, 222, 'Ordu', 'ORD', 1),
(3558, 222, 'Osmaniye', 'OSM', 1),
(3559, 222, 'Rize', 'RIZ', 1),
(3560, 222, 'Sakarya', 'SAK', 1),
(3561, 222, 'Samsun', 'SAM', 1),
(3562, 222, 'ÅžanlÄ±urfa', 'SAN', 1),
(3563, 222, 'Siirt', 'SII', 1),
(3564, 222, 'Sinop', 'SIN', 1),
(3565, 222, 'ÅžÄ±rnak', 'SIR', 1),
(3566, 222, 'Sivas', 'SIV', 1),
(3567, 222, 'TekirdaÄŸ', 'TEL', 1),
(3568, 222, 'Tokat', 'TOK', 1),
(3569, 222, 'Trabzon', 'TRA', 1),
(3570, 222, 'Tunceli', 'TUN', 1),
(3571, 222, 'UÅŸak', 'USK', 1),
(3572, 222, 'Van', 'VAN', 1),
(3573, 222, 'Yalova', 'YAL', 1),
(3574, 222, 'Yozgat', 'YOZ', 1),
(3575, 222, 'Zonguldak', 'ZON', 1),
(3576, 223, 'Couva/Tabaquite/Talparo', 'CT', 1),
(3577, 223, 'Diego Martin', 'DM', 1),
(3578, 223, 'Mayaro/Rio Claro', 'MR', 1),
(3579, 223, 'Penal/Debe', 'PD', 1),
(3580, 223, 'Princes Town', 'PT', 1),
(3581, 223, 'Sangre Grande', 'SG', 1),
(3582, 223, 'San Juan/Laventille', 'SL', 1),
(3583, 223, 'Siparia', 'SI', 1),
(3584, 223, 'Tunapuna/Piarco', 'TP', 1),
(3585, 223, 'Port of Spain', 'PS', 1),
(3586, 223, 'San Fernando', 'SF', 1),
(3587, 223, 'Arima', 'AR', 1),
(3588, 223, 'Point Fortin', 'PF', 1),
(3589, 223, 'Chaguanas', 'CH', 1),
(3590, 223, 'Tobago', 'TO', 1),
(3591, 224, 'Nanumanga', 'NMG', 1),
(3592, 224, 'Niulakita', 'NLK', 1),
(3593, 224, 'Niutao', 'NTO', 1),
(3594, 224, 'Funafuti', 'FUN', 1),
(3595, 224, 'Nanumea', 'NME', 1),
(3596, 224, 'Nui', 'NUI', 1),
(3597, 224, 'Nukufetau', 'NFT', 1),
(3598, 224, 'Nukulaelae', 'NLL', 1),
(3599, 224, 'Vaitupu', 'VAI', 1),
(3600, 225, 'Chang-hua', 'CH', 1),
(3601, 225, 'Chia-i', 'CI', 1),
(3602, 225, 'Hsin-chu', 'HS', 1),
(3603, 225, 'Hua-lien', 'HL', 1),
(3604, 225, 'I-lan', 'IL', 1),
(3605, 225, 'Kao-hsiung county', 'KH', 1),
(3606, 225, 'Kin-men', 'KM', 1),
(3607, 225, 'Lien-chiang', 'LC', 1),
(3608, 225, 'Miao-li', 'ML', 1),
(3609, 225, 'Nan-t''ou', 'NT', 1),
(3610, 225, 'P''eng-hu', 'PH', 1),
(3611, 225, 'P''ing-tung', 'PT', 1),
(3612, 225, 'T''ai-chung', 'TG', 1),
(3613, 225, 'T''ai-nan', 'TA', 1),
(3614, 225, 'T''ai-pei county', 'TP', 1),
(3615, 225, 'T''ai-tung', 'TT', 1),
(3616, 225, 'T''ao-yuan', 'TY', 1),
(3617, 225, 'Yun-lin', 'YL', 1),
(3618, 225, 'Chia-i city', 'CC', 1),
(3619, 225, 'Chi-lung', 'CL', 1),
(3620, 225, 'Hsin-chu', 'HC', 1),
(3621, 225, 'T''ai-chung', 'TH', 1),
(3622, 225, 'T''ai-nan', 'TN', 1),
(3623, 225, 'Kao-hsiung city', 'KC', 1),
(3624, 225, 'T''ai-pei city', 'TC', 1),
(3625, 226, 'Arusha', 'AR', 1),
(3626, 226, 'Dar es Salaam', 'DS', 1),
(3627, 226, 'Dodoma', 'DO', 1),
(3628, 226, 'Iringa', 'IR', 1),
(3629, 226, 'Kagera', 'KA', 1),
(3630, 226, 'Kigoma', 'KI', 1),
(3631, 226, 'Kilimanjaro', 'KJ', 1),
(3632, 226, 'Lindi', 'LN', 1),
(3633, 226, 'Manyara', 'MY', 1),
(3634, 226, 'Mara', 'MR', 1),
(3635, 226, 'Mbeya', 'MB', 1),
(3636, 226, 'Morogoro', 'MO', 1),
(3637, 226, 'Mtwara', 'MT', 1),
(3638, 226, 'Mwanza', 'MW', 1),
(3639, 226, 'Pemba North', 'PN', 1),
(3640, 226, 'Pemba South', 'PS', 1),
(3641, 226, 'Pwani', 'PW', 1),
(3642, 226, 'Rukwa', 'RK', 1),
(3643, 226, 'Ruvuma', 'RV', 1),
(3644, 226, 'Shinyanga', 'SH', 1),
(3645, 226, 'Singida', 'SI', 1),
(3646, 226, 'Tabora', 'TB', 1),
(3647, 226, 'Tanga', 'TN', 1),
(3648, 226, 'Zanzibar Central/South', 'ZC', 1),
(3649, 226, 'Zanzibar North', 'ZN', 1),
(3650, 226, 'Zanzibar Urban/West', 'ZU', 1),
(3651, 227, 'Cherkasy', 'CK', 1),
(3652, 227, 'Chernihiv', 'CH', 1),
(3653, 227, 'Chernivtsi', 'CV', 1),
(3654, 227, 'Crimea', 'CR', 1),
(3655, 227, 'Dnipropetrovs''k', 'DN', 1),
(3656, 227, 'Donets''k', 'DO', 1),
(3657, 227, 'Ivano-Frankivs''k', 'IV', 1),
(3658, 227, 'Kharkiv Kherson', 'KL', 1),
(3659, 227, 'Khmel''nyts''kyy', 'KM', 1),
(3660, 227, 'Kirovohrad', 'KR', 1),
(3661, 227, 'Kiev', 'KV', 1),
(3662, 227, 'Kyyiv', 'KY', 1),
(3663, 227, 'Luhans''k', 'LU', 1),
(3664, 227, 'L''viv', 'LV', 1),
(3665, 227, 'Mykolayiv', 'MY', 1),
(3666, 227, 'Odesa', 'OD', 1),
(3667, 227, 'Poltava', 'PO', 1),
(3668, 227, 'Rivne', 'RI', 1),
(3669, 227, 'Sevastopol', 'SE', 1),
(3670, 227, 'Sumy', 'SU', 1),
(3671, 227, 'Ternopil''', 'TE', 1),
(3672, 227, 'Vinnytsya', 'VI', 1),
(3673, 227, 'Volyn''', 'VO', 1),
(3674, 227, 'Zakarpattya', 'ZK', 1),
(3675, 227, 'Zaporizhzhya', 'ZA', 1),
(3676, 227, 'Zhytomyr', 'ZH', 1),
(3677, 228, 'Kalangala', 'KAL', 1),
(3678, 228, 'Kampala', 'KMP', 1),
(3679, 228, 'Kayunga', 'KAY', 1),
(3680, 228, 'Kiboga', 'KIB', 1),
(3681, 228, 'Luwero', 'LUW', 1),
(3682, 228, 'Masaka', 'MAS', 1),
(3683, 228, 'Mpigi', 'MPI', 1),
(3684, 228, 'Mubende', 'MUB', 1),
(3685, 228, 'Mukono', 'MUK', 1),
(3686, 228, 'Nakasongola', 'NKS', 1),
(3687, 228, 'Rakai', 'RAK', 1),
(3688, 228, 'Sembabule', 'SEM', 1),
(3689, 228, 'Wakiso', 'WAK', 1),
(3690, 228, 'Bugiri', 'BUG', 1),
(3691, 228, 'Busia', 'BUS', 1),
(3692, 228, 'Iganga', 'IGA', 1),
(3693, 228, 'Jinja', 'JIN', 1),
(3694, 228, 'Kaberamaido', 'KAB', 1),
(3695, 228, 'Kamuli', 'KML', 1),
(3696, 228, 'Kapchorwa', 'KPC', 1),
(3697, 228, 'Katakwi', 'KTK', 1),
(3698, 228, 'Kumi', 'KUM', 1),
(3699, 228, 'Mayuge', 'MAY', 1),
(3700, 228, 'Mbale', 'MBA', 1),
(3701, 228, 'Pallisa', 'PAL', 1),
(3702, 228, 'Sironko', 'SIR', 1),
(3703, 228, 'Soroti', 'SOR', 1),
(3704, 228, 'Tororo', 'TOR', 1),
(3705, 228, 'Adjumani', 'ADJ', 1),
(3706, 228, 'Apac', 'APC', 1),
(3707, 228, 'Arua', 'ARU', 1),
(3708, 228, 'Gulu', 'GUL', 1),
(3709, 228, 'Kitgum', 'KIT', 1),
(3710, 228, 'Kotido', 'KOT', 1),
(3711, 228, 'Lira', 'LIR', 1),
(3712, 228, 'Moroto', 'MRT', 1),
(3713, 228, 'Moyo', 'MOY', 1),
(3714, 228, 'Nakapiripirit', 'NAK', 1),
(3715, 228, 'Nebbi', 'NEB', 1),
(3716, 228, 'Pader', 'PAD', 1),
(3717, 228, 'Yumbe', 'YUM', 1),
(3718, 228, 'Bundibugyo', 'BUN', 1),
(3719, 228, 'Bushenyi', 'BSH', 1),
(3720, 228, 'Hoima', 'HOI', 1),
(3721, 228, 'Kabale', 'KBL', 1),
(3722, 228, 'Kabarole', 'KAR', 1),
(3723, 228, 'Kamwenge', 'KAM', 1),
(3724, 228, 'Kanungu', 'KAN', 1),
(3725, 228, 'Kasese', 'KAS', 1),
(3726, 228, 'Kibaale', 'KBA', 1),
(3727, 228, 'Kisoro', 'KIS', 1),
(3728, 228, 'Kyenjojo', 'KYE', 1),
(3729, 228, 'Masindi', 'MSN', 1),
(3730, 228, 'Mbarara', 'MBR', 1),
(3731, 228, 'Ntungamo', 'NTU', 1),
(3732, 228, 'Rukungiri', 'RUK', 1),
(3733, 229, 'Baker Island', 'BI', 1),
(3734, 229, 'Howland Island', 'HI', 1),
(3735, 229, 'Jarvis Island', 'JI', 1),
(3736, 229, 'Johnston Atoll', 'JA', 1),
(3737, 229, 'Kingman Reef', 'KR', 1),
(3738, 229, 'Midway Atoll', 'MA', 1),
(3739, 229, 'Navassa Island', 'NI', 1),
(3740, 229, 'Palmyra Atoll', 'PA', 1),
(3741, 229, 'Wake Island', 'WI', 1),
(3742, 230, 'Alabama', 'AL', 1),
(3743, 230, 'Alaska', 'AK', 1),
(3744, 230, 'American Samoa', 'AS', 1),
(3745, 230, 'Arizona', 'AZ', 1),
(3746, 230, 'Arkansas', 'AR', 1),
(3747, 230, 'Armed Forces Africa', 'AF', 1),
(3748, 230, 'Armed Forces Americas', 'AA', 1),
(3749, 230, 'Armed Forces Canada', 'AC', 1),
(3750, 230, 'Armed Forces Europe', 'AE', 1),
(3751, 230, 'Armed Forces Middle East', 'AM', 1),
(3752, 230, 'Armed Forces Pacific', 'AP', 1),
(3753, 230, 'California', 'CA', 1),
(3754, 230, 'Colorado', 'CO', 1),
(3755, 230, 'Connecticut', 'CT', 1),
(3756, 230, 'Delaware', 'DE', 1),
(3757, 230, 'District of Columbia', 'DC', 1),
(3758, 230, 'Federated States Of Micronesia', 'FM', 1),
(3759, 230, 'Florida', 'FL', 1),
(3760, 230, 'Georgia', 'GA', 1),
(3761, 230, 'Guam', 'GU', 1),
(3762, 230, 'Hawaii', 'HI', 1),
(3763, 230, 'Idaho', 'ID', 1),
(3764, 230, 'Illinois', 'IL', 1),
(3765, 230, 'Indiana', 'IN', 1),
(3766, 230, 'Iowa', 'IA', 1),
(3767, 230, 'Kansas', 'KS', 1),
(3768, 230, 'Kentucky', 'KY', 1),
(3769, 230, 'Louisiana', 'LA', 1),
(3770, 230, 'Maine', 'ME', 1),
(3771, 230, 'Marshall Islands', 'MH', 1),
(3772, 230, 'Maryland', 'MD', 1),
(3773, 230, 'Massachusetts', 'MA', 1),
(3774, 230, 'Michigan', 'MI', 1),
(3775, 230, 'Minnesota', 'MN', 1),
(3776, 230, 'Mississippi', 'MS', 1),
(3777, 230, 'Missouri', 'MO', 1),
(3778, 230, 'Montana', 'MT', 1),
(3779, 230, 'Nebraska', 'NE', 1),
(3780, 230, 'Nevada', 'NV', 1),
(3781, 230, 'New Hampshire', 'NH', 1),
(3782, 230, 'New Jersey', 'NJ', 1),
(3783, 230, 'New Mexico', 'NM', 1),
(3784, 230, 'New York', 'NY', 1),
(3785, 230, 'North Carolina', 'NC', 1),
(3786, 230, 'North Dakota', 'ND', 1),
(3787, 230, 'Northern Mariana Islands', 'MP', 1),
(3788, 230, 'Ohio', 'OH', 1),
(3789, 230, 'Oklahoma', 'OK', 1),
(3790, 230, 'Oregon', 'OR', 1),
(3791, 230, 'Palau', 'PW', 1),
(3792, 230, 'Pennsylvania', 'PA', 1),
(3793, 230, 'Puerto Rico', 'PR', 1),
(3794, 230, 'Rhode Island', 'RI', 1),
(3795, 230, 'South Carolina', 'SC', 1),
(3796, 230, 'South Dakota', 'SD', 1),
(3797, 230, 'Tennessee', 'TN', 1),
(3798, 230, 'Texas', 'TX', 1),
(3799, 230, 'Utah', 'UT', 1),
(3800, 230, 'Vermont', 'VT', 1),
(3801, 230, 'Virgin Islands', 'VI', 1),
(3802, 230, 'Virginia', 'VA', 1),
(3803, 230, 'Washington', 'WA', 1),
(3804, 230, 'West Virginia', 'WV', 1),
(3805, 230, 'Wisconsin', 'WI', 1),
(3806, 230, 'Wyoming', 'WY', 1),
(3807, 231, 'Artigas', 'AR', 1),
(3808, 231, 'Canelones', 'CA', 1),
(3809, 231, 'Cerro Largo', 'CL', 1),
(3810, 231, 'Colonia', 'CO', 1),
(3811, 231, 'Durazno', 'DU', 1),
(3812, 231, 'Flores', 'FS', 1),
(3813, 231, 'Florida', 'FA', 1),
(3814, 231, 'Lavalleja', 'LA', 1),
(3815, 231, 'Maldonado', 'MA', 1),
(3816, 231, 'Montevideo', 'MO', 1),
(3817, 231, 'Paysandu', 'PA', 1),
(3818, 231, 'Rio Negro', 'RN', 1),
(3819, 231, 'Rivera', 'RV', 1),
(3820, 231, 'Rocha', 'RO', 1),
(3821, 231, 'Salto', 'SL', 1),
(3822, 231, 'San Jose', 'SJ', 1),
(3823, 231, 'Soriano', 'SO', 1),
(3824, 231, 'Tacuarembo', 'TA', 1),
(3825, 231, 'Treinta y Tres', 'TT', 1),
(3826, 232, 'Andijon', 'AN', 1),
(3827, 232, 'Buxoro', 'BU', 1),
(3828, 232, 'Farg''ona', 'FA', 1),
(3829, 232, 'Jizzax', 'JI', 1),
(3830, 232, 'Namangan', 'NG', 1),
(3831, 232, 'Navoiy', 'NW', 1),
(3832, 232, 'Qashqadaryo', 'QA', 1),
(3833, 232, 'Qoraqalpog''iston Republikasi', 'QR', 1),
(3834, 232, 'Samarqand', 'SA', 1),
(3835, 232, 'Sirdaryo', 'SI', 1),
(3836, 232, 'Surxondaryo', 'SU', 1),
(3837, 232, 'Toshkent City', 'TK', 1),
(3838, 232, 'Toshkent Region', 'TO', 1),
(3839, 232, 'Xorazm', 'XO', 1),
(3840, 234, 'Charlotte', 'C', 1),
(3841, 234, 'Grenadines', 'R', 1),
(3842, 234, 'Saint Andrew', 'A', 1),
(3843, 234, 'Saint David', 'D', 1),
(3844, 234, 'Saint George', 'G', 1),
(3845, 234, 'Saint Patrick', 'P', 1),
(3846, 235, 'Amazonas', 'AM', 1),
(3847, 235, 'Anzoategui', 'AN', 1),
(3848, 235, 'Apure', 'AP', 1),
(3849, 235, 'Aragua', 'AR', 1),
(3850, 235, 'Barinas', 'BA', 1),
(3851, 235, 'Bolivar', 'BO', 1),
(3852, 235, 'Carabobo', 'CA', 1),
(3853, 235, 'Cojedes', 'CO', 1),
(3854, 235, 'Delta Amacuro', 'DA', 1),
(3855, 235, 'Dependencias Federales', 'DF', 1),
(3856, 235, 'Distrito Federal', 'DI', 1),
(3857, 235, 'Falcon', 'FA', 1),
(3858, 235, 'Guarico', 'GU', 1),
(3859, 235, 'Lara', 'LA', 1),
(3860, 235, 'Merida', 'ME', 1),
(3861, 235, 'Miranda', 'MI', 1),
(3862, 235, 'Monagas', 'MO', 1),
(3863, 235, 'Nueva Esparta', 'NE', 1),
(3864, 235, 'Portuguesa', 'PO', 1),
(3865, 235, 'Sucre', 'SU', 1),
(3866, 235, 'Tachira', 'TA', 1),
(3867, 235, 'Trujillo', 'TR', 1),
(3868, 235, 'Vargas', 'VA', 1),
(3869, 235, 'Yaracuy', 'YA', 1),
(3870, 235, 'Zulia', 'ZU', 1),
(3871, 237, 'Saint Croix', 'C', 1),
(3872, 237, 'Saint John', 'J', 1),
(3873, 237, 'Saint Thomas', 'T', 1),
(3874, 238, 'An Giang', 'AG', 1),
(3875, 238, 'Bac Giang', 'BG', 1),
(3876, 238, 'Bac Kan', 'BK', 1),
(3877, 238, 'Bac Lieu', 'BL', 1),
(3878, 238, 'Bac Ninh', 'BC', 1),
(3879, 238, 'Ba Ria-Vung Tau', 'BR', 1),
(3880, 238, 'Ben Tre', 'BN', 1),
(3881, 238, 'Binh Dinh', 'BH', 1),
(3882, 238, 'Binh Duong', 'BU', 1),
(3883, 238, 'Binh Phuoc', 'BP', 1),
(3884, 238, 'Binh Thuan', 'BT', 1),
(3885, 238, 'Ca Mau', 'CM', 1),
(3886, 238, 'Can Tho', 'CT', 1),
(3887, 238, 'Cao Bang', 'CB', 1),
(3888, 238, 'Dak Lak', 'DL', 1),
(3889, 238, 'Dak Nong', 'DG', 1),
(3890, 238, 'Da Nang', 'DN', 1),
(3891, 238, 'Dien Bien', 'DB', 1),
(3892, 238, 'Dong Nai', 'DI', 1),
(3893, 238, 'Dong Thap', 'DT', 1),
(3894, 238, 'Gia Lai', 'GL', 1),
(3895, 238, 'Ha Giang', 'HG', 1),
(3896, 238, 'Hai Duong', 'HD', 1),
(3897, 238, 'Hai Phong', 'HP', 1),
(3898, 238, 'Ha Nam', 'HM', 1),
(3899, 238, 'Ha Noi', 'HI', 1),
(3900, 238, 'Ha Tay', 'HT', 1),
(3901, 238, 'Ha Tinh', 'HH', 1),
(3902, 238, 'Hoa Binh', 'HB', 1),
(3903, 238, 'Ho Chi Minh City', 'HC', 1),
(3904, 238, 'Hau Giang', 'HU', 1),
(3905, 238, 'Hung Yen', 'HY', 1),
(3906, 239, 'Malampa', 'MA', 1),
(3907, 239, 'Penama', 'PE', 1),
(3908, 239, 'Sanma', 'SA', 1),
(3909, 239, 'Shefa', 'SH', 1),
(3910, 239, 'Tafea', 'TA', 1),
(3911, 239, 'Torba', 'TO', 1),
(3912, 240, 'Alo', 'A', 1),
(3913, 240, 'Sigave', 'S', 1),
(3914, 240, 'Wallis', 'W', 1),
(3915, 241, 'A''ana', 'AN', 1),
(3916, 241, 'Aiga-i-le-Tai', 'AI', 1),
(3917, 241, 'Atua', 'AT', 1),
(3918, 241, 'Fa''asaleleaga', 'FA', 1),
(3919, 241, 'Gaga''emauga', 'GE', 1),
(3920, 241, 'Gagaifomauga', 'GF', 1),
(3921, 241, 'Palauli', 'PA', 1),
(3922, 241, 'Satupa''itea', 'SA', 1),
(3923, 241, 'Tuamasaga', 'TU', 1),
(3924, 241, 'Va''a-o-Fonoti', 'VF', 1),
(3925, 241, 'Vaisigano', 'VS', 1),
(3926, 242, 'Abyan', 'AB', 1),
(3927, 242, 'Adan', 'AD', 1),
(3928, 242, 'Amran', 'AM', 1),
(3929, 242, 'Al Bayda', 'BA', 1),
(3930, 242, 'Ad Dali', 'DA', 1),
(3931, 242, 'Dhamar', 'DH', 1),
(3932, 242, 'Hadramawt', 'HD', 1),
(3933, 242, 'Hajjah', 'HJ', 1),
(3934, 242, 'Al Hudaydah', 'HU', 1),
(3935, 242, 'Ibb', 'IB', 1),
(3936, 242, 'Al Jawf', 'JA', 1),
(3937, 242, 'Lahij', 'LA', 1),
(3938, 242, 'Ma''rib', 'MA', 1),
(3939, 242, 'Al Mahrah', 'MR', 1),
(3940, 242, 'Al Mahwit', 'MW', 1),
(3941, 242, 'Sa''dah', 'SD', 1),
(3942, 242, 'San''a', 'SN', 1),
(3943, 242, 'Shabwah', 'SH', 1),
(3944, 242, 'Ta''izz', 'TA', 1),
(3945, 244, 'Eastern Cape', 'EC', 1),
(3946, 244, 'Free State', 'FS', 1),
(3947, 244, 'Gauteng', 'GT', 1),
(3948, 244, 'KwaZulu-Natal', 'KN', 1),
(3949, 244, 'Limpopo', 'LP', 1),
(3950, 244, 'Mpumalanga', 'MP', 1),
(3951, 244, 'North West', 'NW', 1),
(3952, 244, 'Northern Cape', 'NC', 1),
(3953, 244, 'Western Cape', 'WC', 1),
(3954, 245, 'Central', 'CE', 1),
(3955, 245, 'Copperbelt', 'CB', 1),
(3956, 245, 'Eastern', 'EA', 1),
(3957, 245, 'Luapula', 'LP', 1),
(3958, 245, 'Lusaka', 'LK', 1),
(3959, 245, 'Northern', 'NO', 1),
(3960, 245, 'North-Western', 'NW', 1),
(3961, 245, 'Southern', 'SO', 1),
(3962, 245, 'Western', 'WE', 1),
(3963, 246, 'Bulawayo', 'BU', 1),
(3964, 246, 'Harare', 'HA', 1),
(3965, 246, 'Manicaland', 'ML', 1),
(3966, 246, 'Mashonaland Central', 'MC', 1),
(3967, 246, 'Mashonaland East', 'ME', 1),
(3968, 246, 'Mashonaland West', 'MW', 1),
(3969, 246, 'Masvingo', 'MV', 1),
(3970, 246, 'Matabeleland North', 'MN', 1),
(3971, 246, 'Matabeleland South', 'MS', 1),
(3972, 246, 'Midlands', 'MD', 1),
(3973, 197, 'Singapore', 'SG', 1),
(3974, 198, 'Saint Helena', 'SH', 1),
(3975, 27, 'Saint Barthélemy', 'BL', 1),
(3976, 248, 'Curaco', 'CW', 1);

--
-- Indexes for dumped tables
--

--
-- Indexes for table `loc_city_options`
--
ALTER TABLE `loc_city_options`
  ADD PRIMARY KEY (`city_id`);

--
-- Indexes for table `loc_country_options`
--
ALTER TABLE `loc_country_options`
  ADD PRIMARY KEY (`country_id`), ADD KEY `country_id` (`country_id`) USING BTREE;

--
-- Indexes for table `loc_region_options`
--
ALTER TABLE `loc_region_options`
  ADD PRIMARY KEY (`region_id`), ADD KEY `region_id` (`region_id`) USING BTREE;

--
-- Indexes for table `loc_state_options`
--
ALTER TABLE `loc_state_options`
  ADD PRIMARY KEY (`state_id`);

--
-- AUTO_INCREMENT for dumped tables
--

--
-- AUTO_INCREMENT for table `loc_city_options`
--
ALTER TABLE `loc_city_options`
  MODIFY `city_id` int(11) NOT NULL AUTO_INCREMENT;
--
-- AUTO_INCREMENT for table `loc_country_options`
--
ALTER TABLE `loc_country_options`
  MODIFY `country_id` int(11) NOT NULL AUTO_INCREMENT,AUTO_INCREMENT=249;
--
-- AUTO_INCREMENT for table `loc_region_options`
--
ALTER TABLE `loc_region_options`
  MODIFY `region_id` int(11) NOT NULL AUTO_INCREMENT,AUTO_INCREMENT=9;
--
-- AUTO_INCREMENT for table `loc_state_options`
--
ALTER TABLE `loc_state_options`
  MODIFY `state_id` int(11) NOT NULL AUTO_INCREMENT,AUTO_INCREMENT=3977;
/*!40101 SET CHARACTER_SET_CLIENT=@OLD_CHARACTER_SET_CLIENT */;
/*!40101 SET CHARACTER_SET_RESULTS=@OLD_CHARACTER_SET_RESULTS */;
/*!40101 SET COLLATION_CONNECTION=@OLD_COLLATION_CONNECTION */;
